,Class,Object,Does it look like a mouse?,Is it bigger than a mouse?,Does it smell tasty?,Does it have a long tail?,Does it have four legs?,Is it red?,Is it green?,Is it noisy?,Is it watching you?,Is it coming towards you?,Is it edible?,Is it poisonous?,Does it eat mice?,Is it friendly?,Does it chase mice?
22,land animal,beetle,no,yes,yes,no,no,no,no,no,yes,yes,yes,no,no,no,yes
900,land animal,beetle,no,no,no,no,no,yes,no,no,yes,yes,yes,no,no,no,no
49,land animal,beetle,no,yes,no,no,no,no,no,no,yes,no,yes,no,no,no,no
56,land animal,beetle,no,yes,no,no,no,no,no,no,yes,yes,yes,no,no,no,yes
82,land animal,beetle,no,yes,yes,no,no,no,no,no,yes,yes,yes,no,no,no,no
107,land animal,beetle,no,yes,yes,no,no,no,no,no,yes,yes,yes,no,no,no,yes
120,land animal,beetle,no,no,yes,no,no,no,no,no,yes,yes,yes,no,no,no,yes
129,land animal,beetle,no,no,no,no,no,no,no,no,yes,yes,yes,no,no,no,yes
191,land animal,beetle,no,yes,yes,no,no,no,no,no,yes,yes,yes,no,no,no,yes
250,land animal,beetle,no,yes,yes,no,no,no,no,no,yes,yes,yes,no,no,no,yes
258,land animal,beetle,no,yes,yes,no,no,no,no,no,yes,yes,yes,no,no,no,yes
315,land animal,beetle,no,yes,no,no,no,no,no,no,yes,yes,yes,no,no,no,yes
376,land animal,beetle,no,yes,no,no,no,no,no,no,yes,yes,yes,no,no,no,yes
382,land animal,beetle,no,yes,yes,no,no,no,no,no,yes,yes,yes,no,no,no,yes
396,land animal,beetle,no,yes,no,no,no,no,no,no,yes,yes,yes,no,no,no,yes
398,land animal,beetle,no,yes,no,no,no,no,no,no,yes,yes,yes,no,no,no,no
404,land animal,beetle,no,yes,no,no,no,no,no,no,yes,yes,yes,no,no,no,yes
409,land animal,beetle,no,no,yes,no,no,no,no,no,no,yes,yes,no,no,no,yes
416,land animal,beetle,no,yes,yes,no,no,no,no,no,yes,yes,yes,no,no,no,no
426,land animal,beetle,no,yes,no,no,no,no,no,no,no,yes,yes,yes,no,no,yes
442,land animal,beetle,no,no,no,no,no,no,no,no,yes,yes,yes,no,no,no,yes
455,land animal,beetle,no,no,no,no,no,no,no,no,yes,yes,yes,no,no,no,yes
467,land animal,beetle,no,yes,yes,no,no,no,no,no,yes,yes,yes,no,no,no,yes
474,land animal,beetle,no,yes,no,no,no,no,no,no,yes,yes,yes,no,no,no,yes
510,land animal,beetle,no,yes,no,no,no,no,no,no,no,yes,yes,no,no,no,no
514,land animal,beetle,no,yes,yes,no,no,no,no,no,yes,yes,yes,no,no,no,no
582,land animal,beetle,no,no,yes,no,no,no,no,no,yes,yes,yes,no,no,no,yes
608,land animal,beetle,no,yes,yes,no,yes,no,no,no,yes,yes,yes,no,no,no,no
630,land animal,beetle,no,no,no,no,no,no,no,no,yes,yes,yes,no,no,no,no
643,land animal,beetle,no,yes,yes,no,no,no,no,no,yes,yes,yes,no,no,no,yes
655,land animal,beetle,no,yes,yes,no,no,no,no,no,yes,yes,yes,no,no,no,yes
677,land animal,beetle,no,yes,no,no,no,no,no,no,yes,yes,yes,no,no,no,yes
679,land animal,beetle,no,no,yes,no,yes,no,no,no,yes,yes,yes,no,no,no,yes
694,land animal,beetle,no,yes,no,no,no,no,no,no,yes,yes,yes,no,no,no,yes
708,land animal,beetle,no,yes,no,no,no,no,no,no,yes,yes,yes,no,no,no,yes
764,land animal,beetle,no,yes,no,no,no,no,no,no,yes,yes,yes,no,no,no,yes
791,land animal,beetle,no,yes,no,no,no,no,no,no,yes,yes,yes,no,no,no,yes
857,land animal,beetle,no,yes,yes,no,no,no,no,no,yes,yes,yes,no,no,no,yes
941,land animal,beetle,no,yes,no,no,no,no,no,no,yes,yes,yes,no,no,no,no
966,land animal,beetle,no,yes,yes,no,no,no,no,no,yes,yes,yes,no,no,no,no
51,land animal,capybara,no,yes,no,yes,yes,no,no,no,no,no,no,no,yes,yes,no
105,land animal,capybara,no,yes,no,yes,yes,no,no,no,yes,no,no,no,yes,yes,no
135,land animal,capybara,no,yes,no,yes,yes,no,no,no,yes,no,no,no,no,yes,no
149,land animal,capybara,no,yes,no,yes,yes,no,no,no,yes,no,no,no,yes,?,no
161,land animal,capybara,no,yes,no,yes,yes,no,no,no,yes,no,no,no,no,yes,no
178,land animal,capybara,no,yes,no,yes,yes,no,no,yes,yes,yes,no,no,no,?,no
210,land animal,capybara,no,yes,no,yes,yes,no,no,no,no,yes,no,no,no,?,no
243,land animal,capybara,no,yes,no,yes,yes,no,no,no,yes,?,no,no,no,?,no
283,land animal,capybara,no,yes,no,yes,yes,no,no,no,yes,no,no,no,no,?,no
285,land animal,capybara,no,yes,no,yes,yes,no,no,yes,yes,no,no,no,yes,yes,no
361,land animal,capybara,no,yes,no,yes,yes,no,no,no,yes,no,no,no,no,?,no
583,land animal,capybara,no,yes,no,yes,yes,no,no,no,yes,yes,no,no,no,?,no
620,land animal,capybara,no,yes,no,yes,yes,no,no,no,no,no,no,no,no,?,no
731,land animal,capybara,no,yes,no,yes,yes,no,no,no,yes,yes,no,no,no,?,no
779,land animal,capybara,no,yes,no,yes,yes,no,no,no,yes,no,no,no,no,?,no
818,land animal,capybara,no,yes,no,yes,yes,no,no,no,yes,no,no,no,no,yes,no
868,land animal,capybara,no,yes,no,yes,yes,no,no,yes,yes,yes,no,no,no,?,no
919,land animal,capybara,no,yes,no,yes,yes,no,no,no,yes,?,no,no,no,yes,no
942,land animal,capybara,no,yes,no,yes,yes,no,no,no,yes,yes,no,no,no,yes,no
944,land animal,capybara,no,yes,no,yes,yes,no,no,no,yes,no,no,no,no,?,no
988,land animal,capybara,no,yes,no,yes,yes,no,no,no,yes,no,no,no,yes,yes,no
10,maybe something to eat,carrot,no,yes,yes,no,no,no,no,no,no,no,yes,no,no,no,no
123,maybe something to eat,carrot,no,yes,yes,no,no,no,no,no,no,no,yes,no,no,no,no
148,maybe something to eat,carrot,no,yes,yes,no,no,no,no,no,no,no,yes,no,no,no,no
160,maybe something to eat,carrot,no,yes,yes,no,no,no,no,no,no,no,yes,no,no,no,no
209,maybe something to eat,carrot,no,yes,yes,no,no,no,no,no,no,no,yes,no,no,no,no
221,maybe something to eat,carrot,no,yes,yes,no,no,no,no,no,no,no,yes,no,no,no,no
242,maybe something to eat,carrot,no,yes,yes,no,no,no,no,no,no,no,yes,no,no,no,no
274,maybe something to eat,carrot,no,yes,yes,no,no,no,no,no,no,no,yes,no,no,no,no
288,maybe something to eat,carrot,no,yes,yes,no,no,no,no,no,no,no,yes,no,no,no,no
298,maybe something to eat,carrot,no,yes,yes,no,no,no,no,no,no,no,yes,no,no,no,no
326,maybe something to eat,carrot,no,yes,yes,no,no,no,no,no,no,no,yes,no,no,no,no
331,maybe something to eat,carrot,no,yes,yes,no,no,no,no,no,no,no,yes,no,no,no,no
410,maybe something to eat,carrot,no,yes,yes,no,no,no,no,no,no,no,yes,no,no,no,no
430,maybe something to eat,carrot,no,yes,yes,no,no,no,no,no,no,no,yes,no,no,no,yes
450,maybe something to eat,carrot,no,yes,yes,no,no,no,no,no,no,no,yes,no,no,no,no
486,maybe something to eat,carrot,no,yes,yes,no,no,no,no,no,no,no,yes,no,no,no,no
501,maybe something to eat,carrot,no,yes,yes,no,no,no,no,no,no,no,yes,no,no,no,no
612,maybe something to eat,carrot,no,yes,yes,no,no,no,no,no,no,no,yes,no,no,no,no
636,maybe something to eat,carrot,no,yes,yes,no,no,no,no,no,no,no,yes,no,no,no,no
736,maybe something to eat,carrot,no,yes,yes,no,no,no,no,no,no,no,yes,no,no,no,no
757,maybe something to eat,carrot,no,yes,yes,no,no,no,no,no,no,no,yes,no,no,yes,no
810,maybe something to eat,carrot,no,yes,yes,no,no,no,no,no,no,no,yes,no,no,no,no
813,maybe something to eat,carrot,no,yes,yes,no,no,no,no,no,no,no,yes,no,no,no,no
814,maybe something to eat,carrot,no,yes,yes,no,no,no,no,no,no,no,yes,no,no,no,no
826,maybe something to eat,carrot,no,yes,yes,no,no,no,no,no,no,no,yes,no,no,yes,no
845,maybe something to eat,carrot,no,yes,yes,no,no,no,no,no,no,no,yes,no,no,no,no
962,maybe something to eat,carrot,no,yes,yes,no,no,no,no,no,no,no,yes,no,no,no,no
976,maybe something to eat,carrot,no,yes,yes,no,no,no,no,no,no,no,yes,no,no,no,no
977,maybe something to eat,carrot,no,yes,yes,no,no,no,no,no,no,no,yes,no,no,no,no
2,land animal,cat,no,yes,no,yes,yes,no,no,yes,yes,yes,no,no,yes,no,yes
71,land animal,cat,no,yes,no,yes,yes,no,no,yes,yes,yes,no,no,yes,no,yes
81,land animal,cat,no,yes,no,yes,yes,no,no,no,yes,yes,no,no,yes,no,yes
96,land animal,cat,no,yes,no,yes,yes,no,no,yes,yes,yes,no,yes,yes,no,yes
184,land animal,cat,no,yes,no,yes,yes,no,no,yes,yes,yes,no,yes,yes,no,yes
255,land animal,cat,no,yes,no,yes,yes,no,no,yes,yes,yes,no,no,yes,no,yes
284,land animal,cat,no,yes,no,yes,yes,no,no,yes,yes,yes,no,no,yes,no,yes
339,land animal,cat,no,yes,no,yes,yes,no,no,yes,yes,yes,no,no,yes,no,yes
354,land animal,cat,no,yes,no,yes,yes,no,no,yes,yes,yes,no,yes,yes,no,yes
378,land animal,cat,no,yes,no,yes,yes,no,no,yes,yes,yes,no,no,yes,no,yes
379,land animal,cat,no,yes,no,yes,yes,no,no,yes,yes,yes,no,no,yes,no,yes
403,land animal,cat,no,yes,no,yes,yes,no,no,yes,yes,yes,no,yes,yes,no,yes
444,land animal,cat,no,yes,no,yes,yes,no,no,yes,yes,yes,no,no,yes,no,yes
446,land animal,cat,no,yes,no,yes,yes,no,no,yes,yes,yes,no,no,yes,no,yes
478,land animal,cat,no,yes,no,yes,yes,no,no,yes,yes,yes,no,no,yes,no,yes
533,land animal,cat,no,yes,no,yes,yes,no,no,yes,yes,yes,no,no,yes,no,yes
564,land animal,cat,no,yes,no,yes,yes,no,no,yes,yes,yes,no,no,yes,no,yes
613,land animal,cat,no,yes,no,yes,yes,no,no,yes,yes,yes,no,no,yes,no,yes
616,land animal,cat,no,yes,no,yes,yes,no,no,yes,yes,yes,no,no,yes,no,yes
675,land animal,cat,no,yes,no,yes,yes,no,no,no,yes,yes,no,no,yes,no,yes
724,land animal,cat,no,yes,no,yes,yes,no,no,no,yes,yes,no,yes,yes,no,yes
828,land animal,cat,no,yes,no,yes,yes,no,no,yes,yes,yes,no,no,yes,no,yes
847,land animal,cat,no,yes,no,yes,yes,no,no,no,yes,yes,no,no,yes,no,yes
852,land animal,cat,no,yes,no,yes,yes,no,no,no,yes,yes,no,no,yes,no,yes
859,land animal,cat,no,yes,no,yes,yes,no,no,no,yes,yes,no,yes,yes,no,yes
917,land animal,cat,no,yes,no,yes,yes,no,no,yes,yes,yes,no,no,yes,no,yes
922,land animal,cat,no,yes,no,yes,yes,no,no,yes,yes,yes,no,no,yes,no,yes
971,land animal,cat,no,yes,no,yes,yes,no,no,yes,yes,yes,no,yes,yes,no,yes
998,land animal,cat,no,yes,no,yes,yes,no,no,no,yes,yes,no,no,yes,no,yes
37,maybe something to eat,cauliflower,no,yes,yes,no,no,no,yes,no,no,no,yes,no,no,?,no
80,maybe something to eat,cauliflower,no,yes,yes,no,no,no,yes,no,no,no,yes,no,no,?,no
137,maybe something to eat,cauliflower,no,yes,yes,no,no,no,yes,no,no,no,yes,no,no,?,no
152,maybe something to eat,cauliflower,no,yes,yes,no,no,no,yes,no,no,no,yes,no,no,?,no
157,maybe something to eat,cauliflower,no,yes,yes,no,no,no,yes,no,no,no,yes,no,no,?,no
195,maybe something to eat,cauliflower,no,yes,yes,no,no,no,yes,no,no,no,yes,no,no,no,no
235,maybe something to eat,cauliflower,no,yes,yes,no,no,no,yes,no,no,no,yes,no,no,?,no
269,maybe something to eat,cauliflower,no,yes,yes,no,no,no,yes,no,no,no,yes,no,no,no,no
271,maybe something to eat,cauliflower,no,yes,yes,no,no,no,yes,no,no,no,yes,no,no,?,no
277,maybe something to eat,cauliflower,no,yes,yes,no,no,no,yes,no,no,no,yes,no,no,no,no
296,maybe something to eat,cauliflower,no,yes,yes,no,no,no,yes,no,no,no,yes,no,no,?,no
302,maybe something to eat,cauliflower,no,yes,yes,no,no,no,yes,no,no,no,yes,no,no,?,no
312,maybe something to eat,cauliflower,no,yes,yes,no,no,no,yes,no,no,no,yes,no,no,?,no
313,maybe something to eat,cauliflower,no,yes,yes,no,no,no,yes,no,no,no,yes,no,no,?,no
394,maybe something to eat,cauliflower,no,yes,yes,no,no,no,yes,no,no,no,yes,no,no,?,no
402,maybe something to eat,cauliflower,no,yes,yes,no,no,no,yes,no,no,no,yes,no,no,?,no
449,maybe something to eat,cauliflower,no,yes,yes,no,no,no,yes,no,no,no,yes,no,no,?,no
465,maybe something to eat,cauliflower,no,yes,yes,no,no,no,yes,no,no,no,yes,no,no,?,no
527,maybe something to eat,cauliflower,no,yes,yes,no,no,no,yes,no,no,no,yes,no,no,?,no
535,maybe something to eat,cauliflower,no,yes,yes,no,no,no,yes,no,no,no,yes,no,no,?,no
572,maybe something to eat,cauliflower,no,yes,yes,no,no,no,yes,no,no,no,yes,no,no,?,no
606,maybe something to eat,cauliflower,no,yes,yes,no,no,no,yes,no,no,no,yes,no,no,?,no
631,maybe something to eat,cauliflower,no,yes,yes,no,no,no,yes,no,no,no,yes,no,no,?,no
672,maybe something to eat,cauliflower,no,yes,yes,no,no,no,yes,no,no,no,yes,no,no,?,no
713,maybe something to eat,cauliflower,no,yes,yes,no,no,no,yes,no,no,no,yes,no,no,?,no
730,maybe something to eat,cauliflower,no,yes,yes,no,no,no,yes,no,no,no,yes,no,no,?,no
750,maybe something to eat,cauliflower,no,yes,yes,no,no,no,yes,no,no,no,yes,no,no,?,no
903,maybe something to eat,cauliflower,no,yes,yes,no,no,no,yes,no,no,no,yes,no,no,?,no
907,maybe something to eat,cauliflower,no,yes,yes,no,no,no,yes,no,no,no,yes,no,no,?,no
934,maybe something to eat,cauliflower,no,yes,yes,no,no,no,yes,no,no,no,yes,no,no,?,no
991,maybe something to eat,cauliflower,no,yes,yes,no,no,no,yes,no,no,no,yes,no,no,?,no
15,maybe something to eat,cheese,no,yes,yes,no,no,no,no,no,no,no,yes,no,no,yes,yes
64,maybe something to eat,cheese,no,yes,yes,no,no,no,no,no,no,no,yes,no,no,no,yes
69,maybe something to eat,cheese,no,yes,yes,no,no,no,no,no,no,no,yes,no,no,no,no
70,maybe something to eat,cheese,no,yes,yes,no,no,no,no,no,no,no,yes,no,no,no,yes
103,maybe something to eat,cheese,no,yes,yes,yes,no,no,no,no,no,no,yes,no,no,yes,yes
106,maybe something to eat,cheese,no,yes,yes,no,no,no,no,no,no,no,yes,no,no,no,yes
139,maybe something to eat,cheese,no,yes,yes,no,no,no,no,no,no,no,yes,yes,no,no,no
186,maybe something to eat,cheese,no,yes,yes,no,no,no,no,no,no,no,yes,no,no,no,no
206,maybe something to eat,cheese,no,yes,yes,no,no,no,no,no,no,no,yes,no,no,no,no
348,maybe something to eat,cheese,no,yes,yes,no,no,no,no,no,no,no,yes,no,no,no,no
359,maybe something to eat,cheese,no,yes,yes,yes,no,no,no,no,no,no,yes,no,no,no,yes
380,maybe something to eat,cheese,no,yes,yes,no,no,no,no,no,no,no,yes,no,yes,no,yes
405,maybe something to eat,cheese,no,yes,yes,no,no,no,no,no,no,no,yes,no,no,no,no
428,maybe something to eat,cheese,no,yes,yes,no,no,no,no,no,no,no,yes,no,no,no,no
451,maybe something to eat,cheese,no,yes,yes,no,no,no,no,no,no,no,yes,no,no,no,yes
471,maybe something to eat,cheese,no,yes,yes,no,no,no,no,no,no,no,yes,no,no,no,yes
485,maybe something to eat,cheese,no,yes,yes,no,no,no,no,no,no,no,yes,no,no,no,no
549,maybe something to eat,cheese,no,yes,yes,no,no,no,no,no,no,no,yes,no,no,no,yes
563,maybe something to eat,cheese,no,yes,yes,no,no,no,no,no,no,no,yes,no,no,no,yes
566,maybe something to eat,cheese,no,yes,yes,no,no,no,no,no,no,no,yes,no,no,no,yes
595,maybe something to eat,cheese,no,yes,yes,no,no,no,no,no,no,no,yes,no,no,no,yes
628,maybe something to eat,cheese,no,yes,yes,no,no,no,no,no,no,no,yes,no,no,no,no
642,maybe something to eat,cheese,no,yes,yes,no,no,no,no,no,no,no,yes,no,no,no,no
698,maybe something to eat,cheese,no,yes,yes,no,no,no,no,no,no,no,yes,no,no,no,no
715,maybe something to eat,cheese,no,yes,yes,no,no,no,no,no,no,no,yes,no,no,no,yes
766,maybe something to eat,cheese,no,yes,yes,no,no,no,no,no,no,no,yes,no,no,no,yes
770,maybe something to eat,cheese,no,yes,yes,no,no,no,no,no,no,no,yes,no,no,no,yes
795,maybe something to eat,cheese,no,yes,yes,no,no,no,no,no,no,no,yes,no,no,no,yes
805,maybe something to eat,cheese,no,yes,yes,no,no,no,no,no,no,no,yes,no,no,no,no
835,maybe something to eat,cheese,no,yes,yes,no,no,no,no,no,no,no,yes,no,no,no,no
841,maybe something to eat,cheese,no,yes,yes,no,no,no,no,no,no,no,yes,no,no,no,yes
854,maybe something to eat,cheese,no,yes,yes,no,no,no,no,no,no,no,yes,no,no,no,yes
861,maybe something to eat,cheese,no,yes,yes,no,no,no,no,no,no,no,yes,no,no,no,yes
895,maybe something to eat,cheese,no,yes,yes,no,no,no,no,no,no,no,yes,no,no,no,yes
940,maybe something to eat,cheese,no,yes,yes,no,no,no,no,no,no,no,yes,no,no,no,yes
968,maybe something to eat,cheese,no,yes,yes,no,no,no,no,no,no,no,yes,no,no,no,no
58,maybe something to eat,deadly nightshade,no,yes,no,no,no,yes,yes,no,no,no,no,yes,no,no,no
61,maybe something to eat,deadly nightshade,no,yes,no,no,no,yes,yes,no,no,no,no,yes,no,no,no
79,maybe something to eat,deadly nightshade,no,yes,no,no,no,yes,yes,no,no,no,no,yes,no,no,no
133,maybe something to eat,deadly nightshade,no,yes,no,no,no,yes,yes,no,no,no,no,yes,no,no,no
227,maybe something to eat,deadly nightshade,no,yes,no,no,no,yes,yes,no,no,no,no,yes,no,no,no
330,maybe something to eat,deadly nightshade,no,no,no,no,no,yes,yes,no,no,no,no,yes,no,no,no
345,maybe something to eat,deadly nightshade,no,no,no,no,no,yes,yes,no,no,no,no,yes,no,no,no
351,maybe something to eat,deadly nightshade,no,yes,no,no,no,yes,yes,no,no,no,no,yes,no,no,no
445,maybe something to eat,deadly nightshade,no,yes,no,no,no,yes,yes,no,no,no,no,yes,no,no,no
463,maybe something to eat,deadly nightshade,no,yes,no,no,no,yes,yes,no,no,no,no,yes,no,no,no
483,maybe something to eat,deadly nightshade,no,yes,no,no,no,yes,yes,no,no,no,no,yes,yes,no,no
536,maybe something to eat,deadly nightshade,no,no,no,no,no,yes,yes,no,no,no,no,yes,yes,no,no
547,maybe something to eat,deadly nightshade,no,yes,no,no,no,yes,yes,no,no,no,no,yes,no,no,no
568,maybe something to eat,deadly nightshade,no,yes,no,no,no,yes,yes,no,no,no,no,yes,no,no,no
638,maybe something to eat,deadly nightshade,no,no,no,no,no,yes,yes,no,no,no,no,yes,yes,no,no
683,maybe something to eat,deadly nightshade,no,yes,no,no,no,yes,yes,no,no,no,no,yes,no,no,yes
691,maybe something to eat,deadly nightshade,no,no,no,no,no,yes,yes,no,no,no,no,yes,no,no,no
735,maybe something to eat,deadly nightshade,no,yes,no,no,no,yes,yes,no,no,no,no,yes,no,no,yes
882,maybe something to eat,deadly nightshade,no,yes,no,no,no,yes,yes,no,no,no,no,yes,no,no,no
924,maybe something to eat,deadly nightshade,no,yes,no,no,no,yes,yes,no,no,no,no,yes,no,no,no
932,maybe something to eat,deadly nightshade,no,yes,no,no,no,yes,yes,no,no,no,no,yes,yes,no,no
946,maybe something to eat,deadly nightshade,no,yes,no,no,no,yes,yes,no,no,no,no,yes,no,no,no
951,maybe something to eat,deadly nightshade,no,yes,no,no,no,yes,yes,no,no,no,no,yes,yes,no,no
952,maybe something to eat,deadly nightshade,no,yes,no,no,no,yes,yes,no,no,no,no,yes,no,no,no
955,maybe something to eat,deadly nightshade,no,yes,no,no,no,yes,yes,no,no,no,no,yes,no,no,no
39,land animal,dog,no,yes,no,yes,yes,no,no,yes,yes,yes,no,no,yes,no,yes
44,land animal,dog,no,yes,no,yes,yes,no,no,yes,yes,yes,no,no,yes,no,yes
53,land animal,dog,no,yes,no,yes,yes,no,no,yes,yes,yes,no,no,yes,no,yes
99,land animal,dog,no,yes,no,yes,yes,no,no,yes,yes,yes,no,no,yes,no,yes
130,land animal,dog,no,yes,no,yes,yes,no,no,yes,yes,yes,no,no,yes,no,yes
131,land animal,dog,no,yes,no,yes,yes,no,no,yes,yes,yes,no,no,yes,no,yes
153,land animal,dog,no,yes,no,yes,yes,no,no,yes,yes,yes,no,no,yes,no,yes
168,land animal,dog,no,yes,no,yes,yes,no,no,yes,yes,yes,no,no,yes,no,yes
197,land animal,dog,no,yes,no,yes,yes,no,no,yes,yes,yes,no,no,yes,no,yes
200,land animal,dog,no,yes,no,yes,yes,no,no,yes,yes,yes,no,no,yes,no,yes
211,land animal,dog,no,yes,no,yes,yes,no,no,yes,yes,yes,no,no,yes,no,yes
384,land animal,dog,no,yes,no,yes,yes,no,no,yes,yes,yes,no,no,yes,no,yes
392,land animal,dog,no,yes,no,yes,yes,no,no,yes,yes,yes,no,no,yes,no,yes
399,land animal,dog,no,yes,no,yes,yes,no,no,yes,yes,yes,no,no,yes,no,yes
425,land animal,dog,no,yes,no,yes,yes,no,no,yes,yes,yes,no,no,yes,no,yes
439,land animal,dog,no,yes,no,yes,yes,no,no,yes,yes,yes,no,no,yes,no,yes
448,land animal,dog,no,yes,no,yes,yes,no,no,yes,yes,yes,no,no,yes,no,yes
484,land animal,dog,no,yes,no,yes,yes,no,no,yes,yes,yes,no,no,yes,no,yes
531,land animal,dog,no,yes,no,yes,yes,no,no,yes,yes,yes,no,yes,yes,no,yes
543,land animal,dog,no,yes,no,yes,yes,no,no,yes,yes,yes,no,no,yes,no,yes
556,land animal,dog,no,yes,no,yes,yes,no,no,yes,yes,yes,no,no,yes,no,yes
740,land animal,dog,no,yes,no,yes,yes,no,no,yes,no,yes,no,yes,yes,no,yes
765,land animal,dog,no,yes,no,yes,yes,no,no,yes,yes,yes,no,yes,yes,no,yes
773,land animal,dog,no,yes,no,yes,yes,no,no,yes,no,yes,no,no,yes,no,yes
860,land animal,dog,no,yes,no,yes,yes,no,no,yes,yes,yes,no,no,yes,no,yes
956,land animal,dog,no,yes,no,yes,yes,no,no,yes,yes,yes,no,yes,yes,no,yes
0,bird,eagle,no,yes,no,yes,no,no,no,yes,yes,yes,no,yes,yes,no,yes
8,bird,eagle,no,yes,no,yes,no,no,no,no,yes,yes,no,no,yes,no,yes
19,bird,eagle,no,yes,no,yes,no,no,no,no,yes,yes,no,no,yes,no,yes
23,bird,eagle,no,yes,no,yes,no,no,no,yes,yes,yes,no,no,yes,no,yes
36,bird,eagle,no,yes,no,yes,no,no,no,yes,yes,yes,no,no,yes,no,yes
77,bird,eagle,no,yes,no,yes,no,no,no,yes,yes,yes,no,no,yes,no,yes
89,bird,eagle,no,yes,no,yes,no,no,no,yes,yes,yes,no,no,yes,no,yes
126,bird,eagle,no,yes,no,yes,no,no,no,no,no,yes,no,no,yes,no,yes
147,bird,eagle,no,yes,no,yes,no,no,no,no,yes,yes,no,no,yes,no,yes
155,bird,eagle,no,yes,no,yes,no,no,no,yes,yes,yes,no,no,yes,no,yes
165,bird,eagle,no,yes,no,yes,no,no,no,no,no,yes,no,no,yes,no,yes
170,bird,eagle,no,yes,no,yes,no,no,no,yes,yes,yes,no,no,yes,no,yes
202,bird,eagle,no,yes,no,yes,no,no,no,yes,yes,no,no,no,yes,no,yes
251,bird,eagle,no,yes,no,yes,no,no,no,yes,yes,no,no,no,yes,no,yes
281,bird,eagle,no,yes,no,yes,no,no,no,yes,yes,yes,no,no,yes,no,yes
286,bird,eagle,no,yes,no,yes,no,no,no,yes,yes,yes,no,no,yes,no,yes
299,bird,eagle,no,yes,no,yes,no,no,no,no,yes,yes,no,no,yes,no,yes
301,bird,eagle,no,yes,no,yes,no,no,no,yes,yes,yes,no,no,yes,no,yes
309,bird,eagle,no,yes,no,yes,no,no,no,yes,yes,yes,no,no,yes,no,yes
336,bird,eagle,no,yes,no,yes,no,no,no,no,yes,yes,no,no,yes,no,yes
353,bird,eagle,no,yes,no,yes,no,no,no,yes,yes,yes,no,no,yes,no,yes
356,bird,eagle,no,yes,no,yes,no,no,no,yes,yes,yes,no,no,yes,no,yes
401,bird,eagle,no,yes,no,yes,no,no,no,yes,yes,no,no,no,yes,no,yes
434,bird,eagle,no,yes,no,yes,no,no,no,no,yes,yes,no,no,yes,no,yes
457,bird,eagle,no,yes,no,yes,no,no,no,yes,yes,yes,no,no,yes,no,yes
469,bird,eagle,no,yes,no,yes,no,no,no,yes,yes,no,no,no,yes,no,yes
473,bird,eagle,no,yes,no,yes,no,no,no,no,yes,yes,no,no,yes,no,yes
515,bird,eagle,no,yes,no,yes,no,no,no,yes,yes,yes,no,no,yes,no,yes
525,bird,eagle,no,yes,no,yes,no,no,no,yes,yes,yes,no,no,yes,no,yes
579,bird,eagle,no,yes,no,yes,no,no,no,no,yes,yes,no,no,yes,no,yes
614,bird,eagle,no,yes,no,yes,no,no,no,yes,yes,yes,no,no,yes,no,yes
624,bird,eagle,no,yes,no,yes,no,no,no,no,yes,yes,no,no,yes,no,yes
626,bird,eagle,no,yes,no,yes,no,no,no,yes,yes,yes,no,no,yes,no,yes
629,bird,eagle,no,yes,no,yes,no,no,no,yes,yes,yes,no,no,yes,no,yes
646,bird,eagle,no,yes,no,yes,no,no,no,no,yes,yes,no,no,yes,no,yes
666,bird,eagle,no,yes,no,yes,no,no,no,no,yes,yes,no,no,yes,no,yes
676,bird,eagle,no,yes,no,yes,no,no,no,yes,yes,yes,no,no,yes,no,yes
688,bird,eagle,no,yes,no,yes,no,no,no,yes,no,yes,no,no,yes,no,yes
692,bird,eagle,no,yes,no,yes,no,no,no,no,yes,yes,no,no,yes,no,yes
702,bird,eagle,no,yes,no,yes,no,no,no,no,yes,yes,no,no,yes,no,yes
717,bird,eagle,no,yes,no,yes,no,no,no,no,yes,yes,no,no,yes,no,yes
786,bird,eagle,no,yes,no,yes,no,no,no,yes,no,no,no,no,yes,no,yes
790,bird,eagle,no,yes,no,yes,no,no,no,yes,yes,yes,no,no,yes,no,yes
876,bird,eagle,no,yes,no,yes,no,no,no,no,yes,yes,no,no,yes,no,yes
894,bird,eagle,no,yes,no,yes,no,no,no,no,yes,yes,no,no,yes,no,yes
913,bird,eagle,no,yes,no,yes,no,no,no,yes,yes,no,no,no,yes,no,yes
984,bird,eagle,no,yes,no,yes,no,no,no,no,yes,yes,no,no,yes,no,yes
50,bird,falcon,no,yes,no,no,no,no,no,no,yes,yes,no,no,yes,no,yes
68,bird,falcon,no,yes,no,no,no,no,no,no,yes,yes,no,no,yes,no,yes
117,bird,falcon,no,yes,no,no,no,no,no,no,yes,yes,no,no,yes,no,yes
141,bird,falcon,no,yes,no,no,no,no,no,no,yes,yes,no,no,yes,no,yes
146,bird,falcon,no,yes,no,no,no,no,no,no,yes,yes,no,no,yes,no,yes
156,bird,falcon,no,yes,no,no,no,no,no,no,yes,yes,no,no,yes,no,yes
173,bird,falcon,no,yes,no,no,no,no,no,no,yes,yes,no,no,yes,no,yes
188,bird,falcon,no,yes,no,no,no,no,no,no,yes,yes,no,no,yes,no,yes
199,bird,falcon,no,yes,no,no,no,no,no,no,yes,yes,no,no,yes,no,yes
230,bird,falcon,no,yes,no,no,no,no,no,no,yes,yes,no,no,yes,no,yes
231,bird,falcon,no,yes,no,no,no,no,no,no,yes,yes,no,no,yes,no,yes
244,bird,falcon,no,yes,no,no,no,no,no,no,yes,yes,no,no,yes,no,yes
246,bird,falcon,no,yes,no,no,no,no,no,no,yes,yes,no,no,yes,no,yes
291,bird,falcon,no,yes,no,no,no,no,no,no,yes,yes,no,no,yes,no,yes
310,bird,falcon,no,yes,no,no,no,no,no,no,yes,yes,no,no,yes,no,yes
319,bird,falcon,no,yes,no,no,no,no,no,yes,yes,yes,no,no,yes,no,yes
357,bird,falcon,no,yes,no,no,no,no,no,no,yes,yes,no,no,yes,no,yes
364,bird,falcon,no,yes,no,no,no,no,no,no,yes,yes,no,no,yes,no,yes
369,bird,falcon,no,yes,no,no,no,no,no,no,yes,yes,no,no,yes,no,yes
377,bird,falcon,no,yes,no,no,no,no,no,no,yes,yes,no,no,yes,no,yes
381,bird,falcon,no,yes,no,no,no,no,no,no,yes,yes,no,no,yes,no,yes
383,bird,falcon,no,yes,no,no,no,no,no,no,yes,yes,no,no,yes,no,yes
387,bird,falcon,no,yes,no,no,no,no,no,no,yes,yes,no,no,yes,no,yes
417,bird,falcon,no,yes,no,no,no,no,no,no,yes,yes,no,no,yes,no,yes
418,bird,falcon,no,yes,no,no,no,no,no,no,yes,yes,no,no,yes,no,yes
427,bird,falcon,no,yes,no,no,no,no,no,no,yes,yes,no,no,yes,no,yes
458,bird,falcon,no,yes,no,no,no,no,no,no,yes,yes,no,no,yes,no,yes
490,bird,falcon,no,yes,no,no,no,no,no,no,yes,yes,no,no,yes,no,yes
491,bird,falcon,no,yes,no,no,no,no,no,no,yes,yes,no,no,yes,no,yes
557,bird,falcon,no,yes,no,no,no,no,no,no,yes,yes,no,no,yes,no,yes
607,bird,falcon,no,yes,no,no,no,no,no,no,yes,yes,no,no,yes,no,yes
637,bird,falcon,no,yes,no,no,no,no,no,no,yes,yes,no,no,yes,no,yes
667,bird,falcon,no,yes,no,no,no,no,no,no,yes,yes,no,no,yes,no,yes
685,bird,falcon,no,yes,no,no,no,no,no,no,yes,yes,no,no,yes,no,yes
712,bird,falcon,no,yes,no,no,no,no,no,no,yes,yes,no,no,yes,no,yes
759,bird,falcon,no,yes,no,no,no,no,no,no,yes,yes,no,no,yes,no,yes
768,bird,falcon,no,yes,no,no,no,no,no,no,yes,yes,no,no,yes,no,yes
794,bird,falcon,no,yes,no,no,no,no,no,no,yes,yes,no,no,yes,no,yes
800,bird,falcon,no,yes,no,no,no,no,no,no,yes,yes,no,no,yes,no,yes
871,bird,falcon,no,yes,no,no,no,no,no,no,yes,yes,no,no,yes,no,yes
887,bird,falcon,no,yes,no,no,no,no,no,no,yes,yes,no,no,yes,no,yes
911,bird,falcon,no,yes,no,no,no,no,no,no,yes,yes,no,no,yes,no,yes
926,bird,falcon,no,yes,no,no,no,no,no,no,yes,yes,no,no,yes,no,yes
959,bird,falcon,no,yes,no,no,no,no,no,no,yes,yes,no,no,yes,no,yes
963,bird,falcon,no,yes,no,no,no,no,no,no,yes,yes,no,no,yes,no,yes
964,bird,falcon,no,yes,no,no,no,no,no,no,yes,yes,no,no,yes,no,yes
967,bird,falcon,no,yes,no,no,no,no,no,no,yes,yes,no,no,yes,no,yes
986,bird,falcon,no,yes,no,no,no,no,no,no,yes,yes,no,no,yes,no,yes
30,land animal,farmer,no,yes,no,no,yes,no,yes,yes,yes,yes,no,no,yes,no,yes
93,land animal,farmer,no,yes,no,no,yes,no,yes,yes,yes,no,no,no,yes,no,yes
119,land animal,farmer,no,yes,no,no,yes,no,yes,yes,yes,no,no,no,yes,no,yes
176,land animal,farmer,no,yes,no,no,yes,no,yes,yes,yes,no,no,no,yes,no,yes
245,land animal,farmer,no,yes,no,no,yes,no,yes,yes,yes,yes,no,yes,yes,no,yes
270,land animal,farmer,no,yes,no,no,yes,no,yes,yes,yes,yes,no,no,yes,no,yes
275,land animal,farmer,no,yes,yes,no,yes,no,yes,yes,yes,no,no,no,no,no,yes
407,land animal,farmer,no,yes,no,no,no,no,yes,yes,yes,no,no,no,yes,no,yes
475,land animal,farmer,no,yes,yes,no,yes,no,yes,yes,yes,no,no,yes,yes,no,yes
497,land animal,farmer,no,yes,no,no,yes,no,yes,yes,yes,no,no,yes,no,no,yes
502,land animal,farmer,no,yes,no,no,no,no,yes,yes,yes,no,no,no,yes,no,yes
528,land animal,farmer,no,yes,no,no,no,no,yes,yes,yes,yes,no,no,yes,no,yes
574,land animal,farmer,no,yes,no,no,no,no,yes,yes,yes,no,no,no,no,no,yes
588,land animal,farmer,no,yes,no,no,no,no,yes,yes,yes,no,no,no,yes,no,yes
833,land animal,farmer,no,yes,no,no,no,no,yes,yes,yes,no,no,no,yes,no,yes
877,land animal,farmer,no,yes,yes,no,no,no,yes,yes,yes,no,no,no,yes,no,yes
891,land animal,farmer,no,yes,no,no,no,no,yes,yes,yes,no,no,no,yes,no,yes
909,land animal,farmer,no,yes,no,no,yes,no,yes,yes,yes,no,no,no,yes,no,yes
948,land animal,farmer,no,yes,no,no,yes,no,yes,yes,yes,no,no,no,yes,no,yes
949,land animal,farmer,no,yes,no,no,yes,no,yes,yes,yes,yes,no,no,yes,no,yes
981,land animal,farmer,no,yes,no,no,yes,no,yes,yes,yes,no,no,no,yes,no,yes
983,land animal,farmer,no,yes,no,no,yes,no,yes,yes,yes,no,no,yes,yes,no,yes
993,land animal,farmer,no,yes,yes,no,no,no,yes,yes,yes,yes,no,?,no,no,yes
26,maybe something to eat,fly agaric mushroom,no,no,no,no,no,yes,no,no,no,no,no,yes,no,no,no
134,maybe something to eat,fly agaric mushroom,no,yes,no,no,no,yes,no,no,no,no,no,yes,no,no,no
143,maybe something to eat,fly agaric mushroom,no,yes,no,no,no,yes,no,no,no,no,no,yes,no,no,no
150,maybe something to eat,fly agaric mushroom,no,no,no,no,no,yes,no,no,no,no,no,yes,no,no,no
154,maybe something to eat,fly agaric mushroom,no,yes,no,no,no,yes,no,no,no,no,no,yes,no,no,no
260,maybe something to eat,fly agaric mushroom,no,yes,no,no,no,yes,no,no,no,no,no,yes,no,no,no
303,maybe something to eat,fly agaric mushroom,no,no,no,no,no,yes,no,no,no,no,no,yes,no,no,no
344,maybe something to eat,fly agaric mushroom,no,yes,no,no,no,yes,no,no,no,no,no,yes,no,no,no
368,maybe something to eat,fly agaric mushroom,no,no,no,no,no,yes,no,no,no,no,no,yes,no,no,no
495,maybe something to eat,fly agaric mushroom,no,yes,no,no,no,yes,no,no,no,no,no,yes,no,no,no
506,maybe something to eat,fly agaric mushroom,no,yes,no,no,no,yes,no,no,no,no,no,yes,no,no,no
511,maybe something to eat,fly agaric mushroom,no,no,no,no,no,yes,no,no,no,no,no,yes,no,no,no
512,maybe something to eat,fly agaric mushroom,no,yes,no,no,no,yes,no,no,no,no,no,yes,no,no,no
518,maybe something to eat,fly agaric mushroom,no,yes,no,no,no,yes,no,no,no,no,no,yes,no,no,no
538,maybe something to eat,fly agaric mushroom,no,yes,no,no,no,yes,no,no,no,no,no,yes,no,no,no
539,maybe something to eat,fly agaric mushroom,no,yes,no,no,no,yes,no,no,no,no,no,yes,no,no,no
571,maybe something to eat,fly agaric mushroom,no,yes,no,no,no,yes,no,no,no,no,no,yes,no,no,no
590,maybe something to eat,fly agaric mushroom,no,yes,no,no,no,yes,no,no,no,no,no,yes,no,no,no
658,maybe something to eat,fly agaric mushroom,no,no,no,no,no,yes,no,no,no,no,no,yes,no,no,no
673,maybe something to eat,fly agaric mushroom,no,yes,no,no,no,yes,no,no,no,no,no,yes,no,yes,no
705,maybe something to eat,fly agaric mushroom,no,no,no,no,no,yes,no,no,no,no,no,yes,no,no,no
719,maybe something to eat,fly agaric mushroom,no,no,no,no,no,yes,no,no,no,no,no,yes,no,no,no
758,maybe something to eat,fly agaric mushroom,no,no,no,no,no,yes,no,no,no,no,no,yes,no,no,no
781,maybe something to eat,fly agaric mushroom,no,yes,no,no,no,yes,no,no,no,no,no,yes,no,no,no
782,maybe something to eat,fly agaric mushroom,no,no,no,no,no,yes,no,no,no,no,no,yes,no,no,no
796,maybe something to eat,fly agaric mushroom,no,no,no,no,no,yes,no,no,no,no,no,yes,no,no,no
864,maybe something to eat,fly agaric mushroom,no,no,no,no,no,yes,no,no,no,no,no,yes,no,no,no
885,maybe something to eat,fly agaric mushroom,no,yes,no,no,no,yes,no,no,no,no,no,yes,no,no,no
899,maybe something to eat,fly agaric mushroom,no,no,no,no,no,yes,no,no,no,no,no,yes,no,no,no
901,maybe something to eat,fly agaric mushroom,no,yes,no,no,no,yes,no,no,no,no,no,yes,no,no,no
910,maybe something to eat,fly agaric mushroom,no,yes,no,no,no,yes,no,no,no,no,no,yes,no,no,no
973,maybe something to eat,fly agaric mushroom,no,no,no,no,no,yes,no,no,no,no,no,yes,no,no,no
6,land animal,fox,no,yes,no,yes,yes,no,no,no,yes,yes,no,no,yes,no,yes
24,land animal,fox,no,yes,no,yes,yes,no,no,no,yes,yes,no,no,yes,no,yes
28,land animal,fox,no,yes,no,yes,yes,no,no,no,yes,yes,no,no,yes,no,yes
40,land animal,fox,no,yes,no,yes,yes,no,no,yes,yes,yes,no,no,yes,no,yes
41,land animal,fox,no,yes,yes,yes,yes,no,no,no,yes,yes,no,no,yes,no,yes
62,land animal,fox,no,yes,no,yes,yes,no,no,yes,yes,yes,no,no,yes,no,yes
86,land animal,fox,no,yes,no,yes,yes,no,no,no,yes,yes,no,yes,yes,no,yes
91,land animal,fox,no,yes,no,yes,yes,no,no,no,yes,yes,no,no,yes,no,yes
175,land animal,fox,no,yes,no,yes,yes,no,no,no,yes,yes,no,no,yes,no,yes
185,land animal,fox,no,yes,no,yes,yes,no,no,no,yes,yes,no,no,yes,no,yes
187,land animal,fox,no,yes,no,yes,yes,no,no,yes,yes,yes,no,no,yes,no,yes
234,land animal,fox,no,yes,no,yes,yes,no,no,no,yes,yes,no,no,yes,no,yes
247,land animal,fox,no,yes,no,yes,yes,no,no,yes,yes,yes,no,no,yes,no,yes
280,land animal,fox,no,yes,no,yes,yes,no,no,no,yes,yes,no,no,yes,no,yes
323,land animal,fox,no,yes,no,yes,yes,no,no,no,yes,yes,no,no,yes,no,yes
366,land animal,fox,no,yes,no,yes,yes,no,no,no,yes,yes,no,no,yes,no,yes
374,land animal,fox,no,yes,yes,yes,yes,no,no,yes,yes,yes,no,no,yes,no,yes
411,land animal,fox,no,yes,no,yes,yes,no,no,yes,yes,yes,no,no,yes,no,yes
492,land animal,fox,no,yes,no,yes,yes,no,no,no,yes,yes,no,no,yes,no,yes
499,land animal,fox,no,yes,no,yes,yes,no,no,yes,yes,yes,no,no,yes,no,yes
546,land animal,fox,no,yes,no,yes,yes,no,no,yes,yes,yes,no,no,yes,no,yes
548,land animal,fox,no,yes,no,yes,yes,no,no,no,yes,yes,no,no,yes,no,yes
551,land animal,fox,no,yes,no,yes,yes,no,no,no,yes,yes,no,no,yes,no,yes
587,land animal,fox,no,yes,no,yes,yes,no,no,yes,yes,yes,no,no,yes,no,yes
609,land animal,fox,no,yes,no,yes,yes,no,no,yes,yes,yes,no,no,yes,no,yes
635,land animal,fox,no,yes,no,yes,yes,no,no,no,yes,yes,no,no,yes,no,yes
653,land animal,fox,no,yes,no,yes,yes,no,no,no,yes,yes,no,no,yes,no,yes
709,land animal,fox,no,yes,no,yes,yes,no,no,no,yes,yes,no,no,yes,no,yes
820,land animal,fox,no,yes,no,yes,yes,no,no,yes,yes,yes,no,no,yes,no,yes
825,land animal,fox,no,yes,no,yes,yes,no,no,no,yes,yes,no,no,yes,no,yes
827,land animal,fox,no,yes,no,yes,yes,no,no,yes,yes,yes,no,no,yes,no,yes
846,land animal,fox,no,yes,no,yes,yes,no,no,no,yes,yes,no,yes,yes,no,yes
848,land animal,fox,no,yes,no,yes,yes,no,no,yes,yes,yes,no,no,yes,no,yes
889,land animal,fox,no,yes,yes,yes,yes,no,no,no,yes,yes,no,no,yes,no,yes
972,land animal,fox,no,yes,no,yes,yes,no,no,yes,yes,yes,no,no,yes,no,yes
985,land animal,fox,no,yes,no,yes,yes,no,no,no,yes,yes,no,no,yes,no,yes
1,plant,grass,no,no,yes,no,no,no,yes,no,no,no,yes,no,no,?,no
3,plant,grass,no,no,yes,yes,no,no,yes,no,no,no,yes,no,no,?,no
4,plant,grass,no,no,yes,yes,no,no,yes,no,no,no,yes,no,no,?,no
11,plant,grass,no,no,yes,yes,no,no,yes,no,no,no,no,no,no,?,no
17,plant,grass,no,no,yes,yes,no,no,yes,no,no,no,yes,no,no,?,no
25,plant,grass,no,no,yes,yes,no,no,yes,no,no,no,no,no,no,?,no
29,plant,grass,no,yes,yes,yes,no,no,yes,no,no,no,yes,no,no,?,no
43,plant,grass,no,no,yes,yes,no,no,yes,no,no,no,no,no,no,?,no
47,plant,grass,no,no,yes,yes,no,no,yes,no,no,no,no,no,no,?,no
48,plant,grass,no,no,yes,yes,no,no,yes,no,no,no,no,no,no,?,no
54,plant,grass,no,yes,yes,yes,no,no,yes,no,no,no,yes,no,no,?,no
55,plant,grass,no,no,yes,yes,no,no,yes,no,no,no,no,no,no,?,no
57,plant,grass,no,yes,yes,no,no,no,yes,no,no,no,no,no,no,yes,no
73,plant,grass,no,yes,yes,yes,no,no,yes,no,no,no,yes,no,no,yes,no
78,plant,grass,no,no,yes,yes,no,no,yes,no,no,no,yes,no,no,?,no
87,plant,grass,no,yes,yes,yes,no,no,yes,no,no,no,no,no,no,?,no
90,plant,grass,no,no,yes,no,no,no,yes,no,no,no,no,no,no,?,no
95,plant,grass,no,no,yes,yes,no,no,yes,no,no,no,yes,no,no,?,no
97,plant,grass,no,yes,yes,yes,no,no,yes,no,no,no,yes,no,no,?,no
109,plant,grass,no,no,yes,no,no,no,yes,no,no,no,yes,no,no,yes,no
112,plant,grass,no,no,yes,yes,no,no,yes,no,no,no,yes,no,no,?,no
114,plant,grass,no,no,yes,yes,no,no,yes,no,no,no,yes,no,no,?,no
122,plant,grass,no,yes,yes,yes,no,no,yes,no,no,no,no,no,no,?,no
128,plant,grass,no,no,yes,yes,no,no,yes,no,no,no,no,no,no,?,no
140,plant,grass,no,no,yes,yes,no,no,yes,no,no,no,no,no,no,?,no
166,plant,grass,no,yes,yes,yes,no,no,yes,no,no,no,no,no,no,?,no
172,plant,grass,no,yes,yes,yes,no,no,yes,no,no,no,no,no,no,?,no
174,plant,grass,no,no,yes,yes,no,no,yes,no,no,no,yes,no,no,?,no
183,plant,grass,no,no,yes,yes,no,no,yes,no,no,no,no,no,no,?,no
207,plant,grass,no,no,yes,yes,no,no,yes,no,no,no,no,no,no,?,no
213,plant,grass,no,no,yes,yes,no,no,yes,no,no,no,yes,no,no,?,no
216,plant,grass,no,no,yes,no,no,no,yes,no,no,no,no,no,no,?,no
217,plant,grass,no,no,yes,yes,no,no,yes,no,no,no,no,no,no,?,no
273,plant,grass,no,no,yes,yes,no,no,yes,no,no,no,no,no,no,?,no
289,plant,grass,no,no,yes,yes,no,no,yes,no,no,no,no,no,no,?,no
293,plant,grass,no,no,yes,yes,no,no,yes,no,no,no,yes,no,no,?,no
308,plant,grass,no,no,yes,yes,no,no,yes,no,no,no,no,no,no,?,no
311,plant,grass,no,no,yes,yes,no,no,yes,no,no,no,yes,no,no,?,no
324,plant,grass,no,no,yes,yes,no,no,yes,no,no,no,yes,no,no,?,no
325,plant,grass,no,no,yes,yes,no,no,yes,no,no,no,no,no,no,yes,no
329,plant,grass,no,no,yes,yes,no,no,yes,no,no,no,yes,no,no,?,no
342,plant,grass,no,yes,yes,yes,no,no,yes,no,no,no,no,no,no,?,no
343,plant,grass,no,yes,yes,yes,no,no,yes,no,no,no,no,no,no,?,no
388,plant,grass,no,no,yes,no,no,no,yes,no,no,no,yes,no,no,?,no
390,plant,grass,no,no,yes,yes,no,no,yes,no,no,no,yes,no,no,?,no
397,plant,grass,no,no,yes,yes,no,no,yes,no,no,no,yes,no,no,?,no
413,plant,grass,no,no,yes,yes,no,no,yes,no,no,no,no,no,no,?,no
420,plant,grass,no,no,yes,yes,no,no,yes,no,no,no,no,no,no,yes,no
421,plant,grass,no,no,yes,yes,no,no,yes,no,no,no,yes,no,no,?,no
432,plant,grass,no,no,yes,yes,no,no,yes,no,no,no,yes,no,no,?,no
440,plant,grass,no,yes,yes,yes,no,no,yes,no,no,no,no,no,no,?,no
447,plant,grass,no,no,yes,yes,no,no,yes,no,no,no,no,no,no,yes,no
453,plant,grass,no,yes,yes,yes,no,no,yes,no,no,no,yes,no,no,?,no
454,plant,grass,no,no,yes,yes,no,no,yes,no,no,no,no,no,no,?,no
456,plant,grass,no,yes,yes,yes,no,no,yes,no,no,no,no,no,no,?,no
462,plant,grass,no,no,yes,no,no,no,yes,no,no,no,no,no,no,?,no
468,plant,grass,no,no,yes,yes,no,no,yes,no,no,no,no,no,no,?,no
488,plant,grass,no,no,yes,yes,no,no,yes,no,no,no,no,no,no,?,no
504,plant,grass,no,no,yes,yes,no,no,yes,no,no,no,yes,no,no,?,no
507,plant,grass,no,no,yes,no,no,no,yes,no,no,no,no,no,no,?,no
524,plant,grass,no,no,yes,yes,no,no,yes,no,no,no,yes,no,no,?,no
532,plant,grass,no,no,yes,no,no,no,yes,no,no,no,yes,no,no,?,no
540,plant,grass,no,no,yes,yes,no,no,yes,no,no,no,yes,no,no,?,no
553,plant,grass,no,no,yes,no,no,no,yes,no,no,no,no,no,no,?,no
559,plant,grass,no,no,yes,yes,no,no,yes,no,no,no,no,no,no,?,no
560,plant,grass,no,yes,yes,yes,no,no,yes,no,no,no,yes,no,no,yes,no
567,plant,grass,no,no,yes,no,no,no,yes,no,no,no,no,no,no,?,no
592,plant,grass,no,no,yes,yes,no,no,yes,no,no,no,yes,no,no,?,no
600,plant,grass,no,no,yes,yes,no,no,yes,no,no,no,no,no,no,?,no
617,plant,grass,no,no,yes,yes,no,no,yes,no,no,no,no,yes,no,?,no
621,plant,grass,no,no,yes,yes,no,no,yes,no,no,no,yes,no,no,?,no
622,plant,grass,no,no,yes,no,no,no,yes,no,no,no,yes,yes,no,?,no
647,plant,grass,no,no,yes,yes,no,no,yes,no,no,no,yes,no,no,?,no
649,plant,grass,no,yes,yes,yes,no,no,yes,no,no,no,no,no,no,?,no
656,plant,grass,no,yes,yes,yes,no,no,yes,no,no,no,no,no,no,yes,no
657,plant,grass,no,yes,yes,yes,no,no,yes,no,no,no,no,no,no,?,no
661,plant,grass,no,no,yes,yes,no,no,yes,no,no,no,no,no,no,no,no
678,plant,grass,no,yes,yes,yes,no,no,yes,no,no,no,yes,no,no,?,no
695,plant,grass,no,yes,yes,no,no,no,yes,no,no,no,yes,no,no,?,no
696,plant,grass,no,no,yes,yes,no,no,yes,no,no,no,no,no,no,?,no
700,plant,grass,no,no,yes,yes,no,no,yes,no,no,no,yes,no,no,?,no
720,plant,grass,no,yes,yes,no,no,no,yes,no,no,no,no,no,no,?,no
727,plant,grass,no,no,yes,yes,no,no,yes,no,no,no,no,no,no,?,no
729,plant,grass,no,no,yes,yes,no,no,yes,no,no,no,yes,no,no,?,no
732,plant,grass,no,no,yes,no,no,no,yes,no,no,no,no,no,no,?,no
737,plant,grass,no,yes,yes,yes,no,no,yes,no,no,no,no,no,no,?,no
755,plant,grass,no,no,yes,yes,no,no,yes,no,no,no,no,no,no,?,no
762,plant,grass,no,no,yes,yes,no,no,yes,no,no,no,yes,no,no,?,no
778,plant,grass,no,no,yes,yes,no,no,yes,no,no,no,no,no,no,?,no
788,plant,grass,no,no,yes,yes,no,no,yes,no,no,no,no,no,no,?,no
804,plant,grass,no,no,yes,yes,no,no,yes,no,no,no,no,no,no,?,no
808,plant,grass,no,no,yes,yes,no,no,yes,no,no,no,yes,no,no,yes,no
815,plant,grass,no,no,yes,yes,no,no,yes,no,no,no,no,no,no,?,no
817,plant,grass,no,no,yes,no,no,no,yes,no,no,no,yes,no,no,?,no
824,plant,grass,no,no,yes,yes,no,no,yes,no,no,no,yes,no,no,?,no
830,plant,grass,no,no,yes,no,no,no,yes,no,no,no,no,no,no,?,no
832,plant,grass,no,no,yes,yes,no,no,yes,no,no,no,yes,no,no,yes,no
836,plant,grass,no,yes,yes,yes,no,no,yes,no,no,no,yes,yes,no,?,no
840,plant,grass,no,yes,yes,yes,no,no,yes,no,no,no,no,no,no,?,no
851,plant,grass,no,yes,yes,yes,no,no,yes,no,no,no,no,no,no,?,no
855,plant,grass,no,no,yes,no,no,no,yes,no,no,no,no,no,no,?,no
865,plant,grass,no,no,yes,no,no,no,yes,no,no,no,no,no,no,?,no
867,plant,grass,no,no,yes,yes,no,no,yes,no,no,no,yes,no,no,?,no
872,plant,grass,no,no,yes,no,no,no,yes,no,no,no,no,no,no,?,no
875,plant,grass,no,yes,yes,yes,no,no,yes,no,no,no,no,no,no,?,no
893,plant,grass,no,no,yes,yes,no,no,yes,no,no,no,yes,no,no,?,no
902,plant,grass,no,no,yes,yes,no,no,yes,no,no,no,yes,no,no,?,no
906,plant,grass,no,yes,yes,yes,no,no,yes,no,no,no,yes,no,no,?,no
915,plant,grass,no,no,yes,yes,no,no,yes,no,no,no,no,no,no,?,no
918,plant,grass,no,no,yes,yes,no,no,yes,no,no,no,yes,no,no,?,no
929,plant,grass,no,no,yes,no,no,no,yes,no,no,no,no,no,no,?,no
930,plant,grass,no,no,yes,yes,no,no,yes,no,no,no,no,no,no,?,no
935,plant,grass,no,yes,yes,yes,no,no,yes,no,no,no,no,no,no,?,no
937,plant,grass,no,no,yes,yes,no,no,yes,no,no,no,no,no,no,?,no
939,plant,grass,no,no,yes,yes,no,no,yes,no,no,no,no,no,no,?,no
947,plant,grass,no,no,yes,yes,no,no,yes,no,no,no,no,no,no,?,no
950,plant,grass,no,no,yes,yes,no,no,yes,no,no,no,no,no,no,?,no
960,plant,grass,no,no,yes,yes,no,no,yes,no,no,no,no,no,no,?,no
975,plant,grass,no,no,yes,yes,no,no,yes,no,no,no,no,no,no,?,no
990,plant,grass,no,yes,yes,yes,no,no,yes,no,no,no,no,no,no,?,no
992,plant,grass,no,no,yes,yes,no,no,yes,no,no,no,no,no,no,?,no
995,plant,grass,no,no,yes,no,no,no,yes,no,no,no,no,no,no,?,no
997,plant,grass,no,no,yes,yes,no,no,yes,no,no,no,no,no,no,?,no
20,bird,hawk,no,yes,no,yes,no,no,no,yes,yes,yes,no,no,yes,no,yes
63,bird,hawk,no,yes,no,yes,no,no,no,no,yes,yes,no,no,yes,no,yes
164,bird,hawk,no,yes,no,yes,no,no,no,yes,yes,yes,no,no,yes,no,yes
193,bird,hawk,no,yes,no,yes,no,no,no,no,yes,yes,no,no,yes,no,yes
204,bird,hawk,no,yes,no,yes,no,no,no,no,yes,yes,no,no,yes,no,yes
219,bird,hawk,no,yes,no,yes,no,no,no,yes,yes,yes,no,no,yes,no,yes
224,bird,hawk,no,yes,no,yes,no,no,no,no,yes,yes,no,no,yes,no,yes
254,bird,hawk,no,yes,no,yes,no,no,no,no,yes,yes,no,no,yes,no,yes
257,bird,hawk,no,yes,no,yes,no,no,no,yes,yes,yes,no,no,yes,no,yes
276,bird,hawk,no,yes,no,yes,no,no,no,no,yes,yes,no,no,yes,no,yes
279,bird,hawk,no,yes,no,yes,no,no,no,no,yes,yes,no,no,yes,no,yes
294,bird,hawk,no,yes,no,yes,no,no,no,no,yes,yes,no,no,yes,no,yes
314,bird,hawk,no,yes,no,yes,no,no,no,no,yes,yes,no,no,yes,no,yes
317,bird,hawk,no,yes,no,yes,no,no,no,yes,yes,yes,no,no,yes,no,yes
318,bird,hawk,no,yes,no,yes,no,no,no,no,yes,yes,no,no,yes,no,yes
358,bird,hawk,no,yes,no,yes,no,no,no,yes,yes,yes,no,no,yes,no,yes
386,bird,hawk,no,yes,no,yes,no,no,no,no,yes,yes,no,no,yes,no,yes
414,bird,hawk,no,yes,no,yes,no,no,no,no,yes,yes,no,no,yes,no,yes
438,bird,hawk,no,yes,no,yes,no,no,no,yes,yes,yes,no,no,yes,no,yes
466,bird,hawk,no,yes,no,yes,no,no,no,no,yes,yes,no,no,yes,no,yes
476,bird,hawk,no,yes,no,yes,no,no,no,yes,yes,yes,no,no,yes,no,yes
544,bird,hawk,no,yes,no,yes,no,no,no,no,yes,yes,no,no,yes,no,yes
586,bird,hawk,no,yes,no,yes,no,no,no,yes,yes,yes,no,no,yes,no,yes
623,bird,hawk,no,yes,no,yes,no,no,no,no,yes,yes,no,no,yes,no,yes
641,bird,hawk,no,yes,no,yes,no,no,no,yes,yes,yes,no,no,yes,no,yes
645,bird,hawk,no,yes,no,yes,no,no,no,no,yes,yes,no,no,yes,no,yes
652,bird,hawk,no,yes,no,yes,no,no,no,yes,yes,yes,no,no,yes,no,yes
693,bird,hawk,no,yes,no,yes,no,no,no,no,yes,yes,no,no,yes,no,yes
710,bird,hawk,no,yes,no,yes,no,no,no,yes,yes,yes,no,no,yes,no,yes
711,bird,hawk,no,yes,no,yes,no,no,no,yes,yes,yes,no,no,yes,no,yes
718,bird,hawk,no,yes,no,yes,no,no,no,no,yes,yes,no,no,yes,no,yes
721,bird,hawk,no,yes,no,yes,no,no,no,no,yes,yes,no,no,yes,no,yes
734,bird,hawk,no,yes,no,yes,no,no,no,no,yes,yes,no,no,yes,no,yes
738,bird,hawk,no,yes,no,yes,no,no,no,no,yes,yes,no,no,yes,no,yes
741,bird,hawk,no,yes,no,yes,no,no,no,yes,yes,yes,no,no,yes,no,yes
756,bird,hawk,no,yes,no,yes,no,no,no,yes,yes,yes,no,no,yes,no,yes
763,bird,hawk,no,yes,no,yes,no,no,no,no,yes,yes,no,no,yes,no,yes
775,bird,hawk,no,yes,no,yes,no,no,no,no,yes,yes,no,no,yes,no,yes
780,bird,hawk,no,yes,no,yes,no,no,no,no,yes,yes,no,no,yes,no,yes
785,bird,hawk,no,yes,no,yes,no,no,no,yes,yes,yes,no,no,yes,no,yes
801,bird,hawk,no,yes,no,yes,no,no,no,yes,yes,yes,no,no,yes,no,yes
806,bird,hawk,no,yes,no,yes,no,no,no,yes,yes,yes,no,no,yes,no,yes
839,bird,hawk,no,yes,no,yes,no,no,no,yes,yes,yes,no,no,yes,no,yes
844,bird,hawk,no,yes,no,yes,no,no,no,no,yes,yes,no,no,yes,no,yes
849,bird,hawk,no,yes,no,yes,no,no,no,no,yes,yes,no,no,yes,no,yes
853,bird,hawk,no,yes,no,yes,no,no,no,yes,yes,yes,no,no,yes,no,yes
856,bird,hawk,no,yes,no,yes,no,no,no,no,yes,yes,no,no,yes,no,yes
908,bird,hawk,no,yes,no,yes,no,no,no,no,yes,yes,no,no,yes,no,yes
921,bird,hawk,no,yes,no,yes,no,no,no,yes,yes,yes,no,no,yes,no,yes
928,bird,hawk,no,yes,no,yes,no,no,no,no,yes,yes,no,no,yes,no,yes
969,bird,hawk,no,yes,no,yes,no,no,no,yes,yes,yes,no,no,yes,no,yes
987,bird,hawk,no,yes,no,yes,no,no,no,yes,yes,yes,no,no,yes,no,yes
996,bird,hawk,no,yes,no,yes,no,no,no,yes,yes,yes,no,no,yes,no,yes
85,land animal,horse,no,yes,no,no,yes,no,no,yes,no,no,no,no,yes,no,yes
158,land animal,horse,no,yes,no,no,yes,no,no,yes,no,no,no,no,yes,no,yes
203,land animal,horse,no,yes,no,no,yes,no,no,yes,no,no,no,no,yes,no,yes
212,land animal,horse,no,yes,no,no,yes,no,no,yes,no,no,no,no,yes,no,yes
215,land animal,horse,no,yes,no,no,yes,no,no,yes,no,no,no,no,yes,no,yes
228,land animal,horse,no,yes,no,no,yes,no,no,yes,no,no,no,no,yes,no,yes
238,land animal,horse,no,yes,no,no,yes,no,no,yes,no,no,no,no,yes,no,yes
278,land animal,horse,no,yes,no,yes,yes,no,no,yes,no,no,no,no,yes,no,yes
320,land animal,horse,no,yes,no,no,yes,no,no,yes,no,no,no,no,yes,no,yes
363,land animal,horse,no,yes,no,no,yes,no,no,yes,no,no,no,no,yes,no,yes
406,land animal,horse,no,yes,no,no,yes,no,no,yes,no,no,no,no,yes,no,yes
429,land animal,horse,no,yes,no,no,yes,no,no,yes,no,yes,no,no,yes,no,yes
459,land animal,horse,no,yes,no,no,yes,no,no,yes,no,no,no,no,yes,no,yes
498,land animal,horse,no,yes,no,no,yes,no,no,yes,no,yes,no,no,yes,no,yes
500,land animal,horse,no,yes,no,no,yes,no,no,yes,no,no,no,no,yes,no,yes
509,land animal,horse,no,yes,no,no,yes,no,no,yes,no,no,no,no,yes,no,yes
552,land animal,horse,no,yes,no,yes,yes,no,no,yes,no,no,no,no,yes,no,yes
594,land animal,horse,no,yes,no,yes,yes,no,no,yes,no,no,no,no,yes,no,yes
632,land animal,horse,no,yes,no,no,yes,no,no,yes,no,no,no,no,yes,no,yes
687,land animal,horse,no,yes,no,no,yes,no,no,yes,no,no,no,no,yes,no,yes
706,land animal,horse,no,yes,no,no,yes,no,no,yes,no,no,no,no,yes,no,yes
733,land animal,horse,no,yes,no,no,yes,no,no,yes,no,no,no,no,yes,no,yes
743,land animal,horse,no,yes,no,no,yes,no,no,yes,no,no,no,no,yes,no,yes
746,land animal,horse,no,yes,no,no,yes,no,no,yes,no,no,no,no,yes,no,yes
748,land animal,horse,no,yes,no,no,yes,no,no,yes,no,no,no,no,yes,no,yes
783,land animal,horse,no,yes,no,no,yes,no,no,yes,no,no,no,no,yes,no,yes
837,land animal,horse,no,yes,no,yes,yes,no,no,yes,no,no,no,no,yes,no,yes
843,land animal,horse,no,yes,no,no,yes,no,no,yes,no,no,no,no,yes,no,yes
862,land animal,horse,no,yes,no,no,yes,no,no,yes,no,no,no,no,yes,no,yes
883,land animal,horse,no,yes,no,no,yes,no,no,yes,no,no,no,no,yes,no,yes
945,land animal,horse,no,yes,no,no,yes,no,no,yes,no,no,no,no,yes,no,yes
974,land animal,horse,no,yes,no,no,yes,no,no,yes,no,no,no,no,yes,no,yes
14,land animal,mouse,yes,no,yes,yes,yes,no,no,no,no,no,no,no,no,yes,no
125,land animal,mouse,yes,no,yes,yes,yes,no,no,no,no,yes,no,no,no,yes,no
144,land animal,mouse,yes,no,no,yes,yes,no,no,no,no,yes,no,no,no,yes,no
177,land animal,mouse,yes,no,yes,yes,yes,no,no,no,no,yes,no,no,no,yes,no
179,land animal,mouse,yes,no,yes,yes,yes,no,no,no,no,no,no,no,no,yes,no
201,land animal,mouse,yes,no,no,yes,yes,no,no,no,no,no,no,no,no,yes,no
208,land animal,mouse,yes,no,yes,yes,yes,no,no,no,no,yes,no,no,no,no,no
256,land animal,mouse,yes,no,yes,yes,yes,no,no,no,no,yes,no,no,no,yes,no
338,land animal,mouse,yes,no,no,yes,yes,no,no,no,no,yes,no,no,no,yes,no
441,land animal,mouse,yes,no,no,yes,yes,no,no,no,no,yes,no,no,no,yes,no
496,land animal,mouse,yes,no,yes,yes,yes,no,no,no,yes,yes,no,no,no,no,no
520,land animal,mouse,yes,no,yes,yes,yes,no,no,no,yes,no,no,no,no,no,no
545,land animal,mouse,yes,no,yes,yes,yes,no,no,no,no,yes,no,no,no,yes,yes
555,land animal,mouse,yes,no,yes,yes,yes,no,no,no,no,no,no,no,no,no,no
599,land animal,mouse,yes,no,yes,yes,yes,no,no,no,no,yes,no,no,no,yes,no
604,land animal,mouse,yes,no,no,yes,yes,no,no,no,yes,no,no,no,no,yes,no
615,land animal,mouse,yes,no,yes,yes,yes,no,no,no,no,yes,no,no,no,yes,no
640,land animal,mouse,yes,no,yes,yes,yes,no,no,no,no,yes,no,no,no,yes,no
651,land animal,mouse,yes,no,yes,yes,yes,no,no,no,yes,yes,no,no,no,yes,yes
663,land animal,mouse,yes,no,yes,yes,yes,no,no,no,no,no,no,no,no,yes,no
670,land animal,mouse,yes,no,yes,yes,yes,no,no,no,no,yes,no,no,no,yes,no
747,land animal,mouse,yes,no,yes,yes,yes,no,no,no,yes,no,no,no,no,yes,no
784,land animal,mouse,yes,no,no,yes,yes,no,no,no,no,no,no,no,no,yes,no
787,land animal,mouse,yes,no,yes,yes,yes,no,no,no,yes,yes,no,no,no,yes,no
789,land animal,mouse,yes,no,yes,yes,yes,no,no,no,no,yes,no,no,no,yes,no
797,land animal,mouse,yes,no,no,yes,yes,no,no,no,yes,yes,no,no,no,yes,no
807,land animal,mouse,yes,no,no,yes,yes,no,no,no,no,yes,no,no,no,yes,no
912,land animal,mouse,yes,no,yes,yes,yes,no,no,no,no,yes,no,no,no,yes,no
914,land animal,mouse,yes,no,no,yes,yes,no,no,no,no,yes,no,no,no,no,no
16,bird,pigeon,no,yes,no,no,no,no,no,yes,no,no,no,no,no,no,no
18,bird,pigeon,no,yes,no,no,no,no,no,yes,yes,no,no,no,no,no,no
32,bird,pigeon,no,yes,no,no,no,no,no,yes,?,no,no,no,no,no,no
38,bird,pigeon,no,yes,no,no,no,no,no,yes,yes,no,no,no,no,no,no
60,bird,pigeon,no,yes,no,no,no,no,no,yes,no,no,no,no,no,no,no
65,bird,pigeon,no,yes,no,no,no,no,no,yes,yes,no,no,no,no,no,no
92,bird,pigeon,no,yes,no,no,no,no,no,yes,no,no,no,no,no,no,no
100,bird,pigeon,no,yes,no,no,no,no,no,yes,yes,no,no,no,no,no,no
104,bird,pigeon,no,yes,no,no,no,no,no,yes,yes,no,no,no,no,no,no
118,bird,pigeon,no,yes,no,no,no,no,no,yes,yes,no,no,no,no,no,no
145,bird,pigeon,no,yes,no,no,no,no,no,yes,yes,no,no,no,no,no,no
169,bird,pigeon,no,yes,no,no,no,no,no,yes,yes,no,no,no,no,no,no
182,bird,pigeon,no,yes,no,no,no,no,no,yes,yes,no,no,no,no,no,no
198,bird,pigeon,no,yes,no,no,no,no,no,yes,yes,no,no,no,no,no,no
205,bird,pigeon,no,yes,no,no,no,no,no,yes,yes,no,no,no,no,no,no
220,bird,pigeon,no,yes,no,no,no,no,no,yes,yes,no,no,no,no,no,no
229,bird,pigeon,no,yes,no,no,no,no,no,yes,yes,no,no,no,no,no,no
240,bird,pigeon,no,yes,no,no,no,no,no,no,no,no,no,no,no,no,no
249,bird,pigeon,no,yes,no,no,no,no,no,yes,yes,no,no,no,no,no,no
262,bird,pigeon,no,yes,no,no,no,no,no,yes,yes,no,no,no,no,no,no
341,bird,pigeon,no,yes,no,no,no,no,no,yes,yes,no,no,no,no,no,no
347,bird,pigeon,no,yes,no,no,no,no,no,no,yes,no,no,no,no,no,no
372,bird,pigeon,no,yes,no,no,no,no,no,yes,yes,no,no,no,no,no,no
480,bird,pigeon,no,yes,no,no,no,no,no,yes,yes,no,no,no,no,no,no
489,bird,pigeon,no,yes,no,no,no,no,no,yes,yes,no,no,no,no,no,no
503,bird,pigeon,no,yes,no,no,no,no,no,yes,yes,no,no,no,no,no,no
513,bird,pigeon,no,yes,no,no,no,no,no,yes,no,no,no,no,no,no,no
573,bird,pigeon,no,yes,no,no,no,no,no,yes,yes,no,no,no,no,no,no
598,bird,pigeon,no,yes,no,no,no,no,no,yes,yes,no,no,no,no,no,no
605,bird,pigeon,no,yes,no,no,no,no,no,yes,yes,no,no,no,no,no,no
611,bird,pigeon,no,yes,no,no,no,no,no,yes,yes,no,no,no,no,no,no
633,bird,pigeon,no,yes,no,no,no,no,no,yes,yes,no,no,no,no,no,no
664,bird,pigeon,no,yes,no,no,no,no,no,yes,yes,no,no,no,no,no,no
669,bird,pigeon,no,yes,no,no,no,no,no,yes,yes,no,no,no,no,no,no
681,bird,pigeon,no,yes,no,no,no,no,no,yes,yes,no,no,no,no,no,no
684,bird,pigeon,no,yes,no,no,no,no,no,yes,yes,no,no,no,no,no,no
686,bird,pigeon,no,yes,no,no,no,no,no,yes,yes,no,no,no,no,no,no
689,bird,pigeon,no,yes,no,no,no,no,no,yes,yes,no,no,no,no,no,no
690,bird,pigeon,no,yes,no,no,no,no,no,yes,no,no,no,no,no,no,no
722,bird,pigeon,no,yes,no,no,no,no,no,yes,no,no,no,no,no,no,no
723,bird,pigeon,no,yes,no,no,no,no,no,yes,yes,no,no,no,no,no,no
753,bird,pigeon,no,yes,no,no,no,no,no,yes,yes,no,no,no,no,no,no
761,bird,pigeon,no,yes,no,no,no,no,no,yes,no,no,no,no,no,no,no
777,bird,pigeon,no,yes,no,no,no,no,no,yes,yes,no,no,no,no,no,no
802,bird,pigeon,no,yes,no,no,no,no,no,yes,yes,no,no,no,no,no,no
816,bird,pigeon,no,yes,no,no,no,no,no,yes,yes,no,no,no,no,no,no
822,bird,pigeon,no,yes,no,no,no,no,no,yes,yes,no,no,no,no,no,no
834,bird,pigeon,no,yes,no,no,no,no,no,yes,yes,no,no,no,no,no,no
866,bird,pigeon,no,yes,no,no,no,no,no,yes,yes,no,no,no,no,no,no
870,bird,pigeon,no,yes,no,no,no,no,no,yes,yes,no,no,no,no,no,no
890,bird,pigeon,no,yes,no,no,no,no,no,yes,yes,no,no,no,no,no,no
961,bird,pigeon,no,yes,no,no,no,no,no,yes,yes,no,no,no,no,no,no
999,bird,pigeon,no,yes,no,no,no,no,no,yes,yes,no,no,no,no,no,no
31,maybe something to eat,radish,no,yes,yes,no,no,yes,yes,no,no,no,yes,no,no,no,no
35,maybe something to eat,radish,no,yes,yes,no,no,yes,yes,no,no,no,yes,no,no,no,no
74,maybe something to eat,radish,no,yes,yes,no,no,yes,yes,no,no,no,yes,no,no,no,no
189,maybe something to eat,radish,no,yes,yes,no,no,yes,yes,no,no,no,yes,no,no,no,no
194,maybe something to eat,radish,no,yes,yes,no,no,yes,yes,no,no,no,yes,no,no,no,no
223,maybe something to eat,radish,no,yes,yes,no,no,yes,yes,no,no,no,yes,no,no,no,no
232,maybe something to eat,radish,no,yes,yes,no,no,yes,yes,no,no,no,yes,no,no,no,no
253,maybe something to eat,radish,no,yes,yes,no,no,yes,yes,no,no,no,yes,no,no,no,no
360,maybe something to eat,radish,no,yes,yes,no,no,yes,yes,no,no,no,yes,no,no,no,no
436,maybe something to eat,radish,no,yes,yes,no,no,yes,yes,no,no,no,yes,no,no,no,no
479,maybe something to eat,radish,no,yes,yes,no,no,yes,yes,no,no,no,yes,no,no,no,no
482,maybe something to eat,radish,no,yes,yes,no,no,yes,yes,no,no,no,yes,no,no,no,no
521,maybe something to eat,radish,no,yes,yes,no,no,yes,yes,no,no,no,yes,no,no,no,no
523,maybe something to eat,radish,no,yes,yes,no,no,yes,yes,no,no,no,yes,no,no,no,no
554,maybe something to eat,radish,no,yes,yes,no,no,yes,yes,no,no,no,yes,no,no,no,no
561,maybe something to eat,radish,no,yes,yes,no,no,yes,yes,no,no,no,yes,no,no,no,no
578,maybe something to eat,radish,no,yes,yes,no,no,yes,yes,no,no,no,yes,no,no,no,no
585,maybe something to eat,radish,no,yes,yes,no,no,yes,yes,no,no,no,yes,no,no,no,no
591,maybe something to eat,radish,no,yes,yes,no,no,yes,yes,no,no,no,yes,no,no,no,no
601,maybe something to eat,radish,no,yes,yes,no,no,yes,yes,no,no,no,yes,no,no,no,no
697,maybe something to eat,radish,no,yes,yes,no,no,yes,yes,no,no,no,yes,no,no,no,no
699,maybe something to eat,radish,no,yes,yes,no,no,yes,yes,no,no,no,yes,no,no,no,no
703,maybe something to eat,radish,no,yes,yes,no,no,yes,yes,no,no,no,yes,no,no,no,no
742,maybe something to eat,radish,no,yes,yes,no,no,yes,yes,no,no,no,yes,no,no,no,no
793,maybe something to eat,radish,no,yes,yes,no,no,yes,yes,no,no,no,yes,no,no,no,no
821,maybe something to eat,radish,no,yes,yes,no,no,yes,yes,no,no,no,yes,no,no,no,no
831,maybe something to eat,radish,no,yes,yes,no,no,yes,yes,no,no,no,yes,no,no,no,no
881,maybe something to eat,radish,no,yes,yes,no,no,yes,yes,no,no,no,yes,no,no,no,no
979,maybe something to eat,radish,no,yes,yes,no,no,yes,yes,no,no,no,yes,no,no,no,no
9,maybe something to eat,slug pellets,no,no,no,no,no,no,no,no,no,no,no,yes,no,no,no
45,maybe something to eat,slug pellets,no,no,no,no,no,no,no,no,no,yes,no,yes,no,no,no
75,maybe something to eat,slug pellets,no,no,no,no,no,no,no,no,no,yes,no,yes,no,no,no
83,maybe something to eat,slug pellets,no,no,no,no,no,no,no,no,no,yes,no,yes,no,no,no
102,maybe something to eat,slug pellets,no,no,no,no,no,no,no,no,no,yes,no,yes,no,no,no
138,maybe something to eat,slug pellets,no,no,no,no,no,no,no,no,no,yes,no,yes,no,no,no
142,maybe something to eat,slug pellets,no,no,no,no,no,no,no,no,no,no,no,yes,no,no,no
180,maybe something to eat,slug pellets,no,no,no,no,no,no,no,no,no,yes,no,yes,no,no,no
236,maybe something to eat,slug pellets,no,no,no,no,no,no,no,no,no,yes,no,yes,no,no,no
263,maybe something to eat,slug pellets,no,no,no,no,no,no,no,no,no,yes,no,yes,no,no,no
266,maybe something to eat,slug pellets,no,no,no,no,no,no,no,no,no,yes,no,yes,no,no,no
297,maybe something to eat,slug pellets,no,no,no,no,no,no,no,no,no,yes,no,yes,no,no,no
306,maybe something to eat,slug pellets,no,no,no,no,no,no,no,no,no,yes,no,yes,no,no,no
321,maybe something to eat,slug pellets,no,no,no,no,no,no,no,no,no,yes,no,yes,no,no,no
367,maybe something to eat,slug pellets,no,no,no,no,no,no,no,no,no,yes,no,yes,no,no,no
370,maybe something to eat,slug pellets,no,no,no,no,no,no,no,no,no,yes,no,yes,no,no,no
375,maybe something to eat,slug pellets,no,no,no,no,no,no,no,no,no,no,no,yes,no,no,no
395,maybe something to eat,slug pellets,no,no,no,no,no,no,no,no,no,yes,no,yes,no,no,no
424,maybe something to eat,slug pellets,no,no,no,no,no,no,no,no,no,yes,no,yes,no,no,no
435,maybe something to eat,slug pellets,no,no,no,no,no,no,no,no,no,yes,no,yes,no,no,no
505,maybe something to eat,slug pellets,no,no,no,no,no,no,no,no,no,yes,no,yes,no,no,no
508,maybe something to eat,slug pellets,no,no,no,no,no,no,no,no,no,yes,no,yes,no,no,no
522,maybe something to eat,slug pellets,no,no,no,no,no,no,no,no,no,yes,no,yes,no,no,no
530,maybe something to eat,slug pellets,no,no,no,no,no,no,no,no,no,yes,no,yes,no,no,no
537,maybe something to eat,slug pellets,no,no,no,no,no,no,no,no,no,no,no,yes,no,no,no
570,maybe something to eat,slug pellets,no,no,no,no,no,no,no,no,no,no,no,yes,no,no,no
704,maybe something to eat,slug pellets,no,no,no,no,no,no,no,no,no,yes,no,yes,no,no,no
799,maybe something to eat,slug pellets,no,no,no,no,no,no,no,no,yes,yes,no,yes,no,no,no
954,maybe something to eat,slug pellets,no,no,no,no,no,no,no,no,no,yes,no,yes,no,no,no
994,maybe something to eat,slug pellets,no,no,no,no,no,no,no,no,no,yes,no,yes,no,no,no
46,land animal,snake,no,yes,no,yes,no,no,yes,no,yes,yes,no,yes,yes,no,yes
52,land animal,snake,no,yes,no,yes,no,no,yes,no,yes,yes,no,no,yes,no,yes
66,land animal,snake,no,yes,no,yes,no,no,yes,no,yes,yes,no,?,yes,no,yes
94,land animal,snake,no,yes,no,yes,no,no,yes,no,yes,yes,no,?,yes,no,yes
101,land animal,snake,no,yes,no,yes,no,no,yes,no,yes,yes,no,?,yes,no,yes
110,land animal,snake,no,yes,no,yes,no,no,yes,no,yes,yes,no,yes,yes,no,yes
127,land animal,snake,no,yes,no,yes,no,no,yes,no,yes,yes,no,?,yes,no,yes
267,land animal,snake,no,yes,no,yes,no,no,yes,no,yes,yes,no,?,yes,no,yes
268,land animal,snake,no,yes,no,yes,no,no,yes,no,yes,yes,no,yes,yes,no,yes
287,land animal,snake,no,yes,no,yes,no,no,no,no,yes,yes,no,yes,yes,no,yes
365,land animal,snake,no,yes,no,yes,no,no,yes,no,yes,yes,no,no,yes,no,yes
452,land animal,snake,no,yes,no,yes,no,no,yes,no,yes,yes,no,yes,yes,no,yes
460,land animal,snake,no,yes,no,yes,no,no,yes,no,yes,yes,no,no,yes,no,yes
493,land animal,snake,no,yes,no,yes,no,no,yes,no,yes,yes,no,yes,yes,no,yes
529,land animal,snake,no,yes,no,yes,no,no,yes,no,yes,yes,no,yes,yes,no,yes
541,land animal,snake,no,yes,no,yes,no,no,no,no,yes,yes,no,no,yes,no,yes
644,land animal,snake,no,yes,no,yes,no,no,yes,no,yes,yes,no,?,yes,no,yes
654,land animal,snake,no,yes,no,yes,no,no,yes,no,yes,yes,no,no,yes,no,yes
662,land animal,snake,no,yes,no,yes,no,no,yes,no,yes,yes,no,yes,yes,no,yes
668,land animal,snake,no,yes,no,yes,no,no,yes,no,yes,yes,no,no,yes,no,yes
726,land animal,snake,no,yes,no,yes,no,no,yes,no,yes,yes,no,?,yes,no,yes
728,land animal,snake,no,yes,no,yes,no,no,yes,no,yes,yes,no,yes,yes,no,yes
744,land animal,snake,no,yes,no,yes,no,no,yes,no,yes,yes,no,yes,yes,no,yes
751,land animal,snake,no,yes,no,yes,no,no,yes,no,yes,yes,no,no,yes,no,yes
811,land animal,snake,no,yes,no,yes,no,no,yes,no,yes,yes,no,?,yes,no,yes
850,land animal,snake,no,yes,no,yes,no,no,yes,no,yes,yes,no,yes,yes,no,yes
886,land animal,snake,no,yes,no,yes,no,no,yes,no,yes,yes,no,?,yes,no,yes
927,land animal,snake,no,yes,no,yes,no,no,yes,no,yes,yes,no,yes,yes,no,yes
953,land animal,snake,no,yes,no,yes,no,no,yes,no,yes,yes,no,?,yes,no,yes
7,bird,sparrow,no,yes,no,yes,no,no,no,yes,yes,no,no,no,no,no,no
34,bird,sparrow,no,yes,no,no,no,no,no,yes,yes,no,no,no,no,no,no
42,bird,sparrow,no,yes,no,no,no,no,no,yes,yes,no,no,no,no,no,no
59,bird,sparrow,no,yes,no,no,no,no,no,yes,yes,no,no,no,no,no,no
67,bird,sparrow,no,yes,no,no,no,no,no,yes,yes,no,no,no,no,no,no
76,bird,sparrow,no,yes,no,yes,no,no,no,yes,yes,no,no,no,no,no,no
121,bird,sparrow,no,yes,no,no,no,no,no,yes,no,no,no,no,no,no,no
181,bird,sparrow,no,yes,no,no,no,no,no,yes,yes,no,no,no,no,no,no
196,bird,sparrow,no,yes,no,no,no,no,no,yes,no,no,no,no,no,no,no
222,bird,sparrow,no,yes,no,no,no,no,no,yes,yes,no,no,no,no,no,no
237,bird,sparrow,no,yes,no,no,no,no,no,yes,yes,no,no,no,no,no,no
239,bird,sparrow,no,yes,no,no,no,no,no,yes,no,no,no,no,no,no,no
248,bird,sparrow,no,yes,no,no,no,no,no,yes,yes,no,no,no,no,no,no
261,bird,sparrow,no,yes,no,no,no,no,no,yes,yes,no,no,no,no,no,no
290,bird,sparrow,no,yes,no,no,no,no,no,yes,yes,no,no,no,no,no,no
292,bird,sparrow,no,yes,no,no,no,no,no,yes,no,no,no,no,no,no,no
295,bird,sparrow,no,yes,no,no,no,no,no,yes,yes,no,no,no,no,no,no
300,bird,sparrow,no,yes,no,no,no,no,no,yes,yes,no,no,no,no,no,no
328,bird,sparrow,no,yes,no,no,no,no,no,yes,yes,no,no,no,no,no,no
332,bird,sparrow,no,yes,no,no,no,no,no,yes,yes,no,no,no,no,no,no
337,bird,sparrow,no,yes,no,no,no,no,no,yes,yes,no,no,no,no,no,no
340,bird,sparrow,no,yes,no,yes,no,no,no,yes,yes,no,no,no,no,no,no
389,bird,sparrow,no,yes,no,no,no,no,no,yes,yes,no,no,no,no,no,no
412,bird,sparrow,no,yes,no,yes,no,no,no,yes,no,no,no,no,no,no,no
461,bird,sparrow,no,yes,no,no,no,no,no,yes,yes,no,no,no,no,no,no
470,bird,sparrow,no,yes,no,no,no,no,no,yes,no,no,no,no,no,no,no
494,bird,sparrow,no,yes,no,no,no,no,no,yes,no,no,no,no,no,no,no
575,bird,sparrow,no,yes,no,no,no,no,no,yes,yes,no,no,no,no,no,no
576,bird,sparrow,no,yes,no,no,no,no,no,yes,yes,no,no,no,no,no,no
581,bird,sparrow,no,yes,no,no,no,no,no,yes,yes,no,no,no,no,no,no
610,bird,sparrow,no,yes,no,no,no,no,no,yes,yes,no,no,no,no,no,no
618,bird,sparrow,no,yes,no,no,no,no,no,yes,no,no,no,no,no,no,no
648,bird,sparrow,no,yes,no,no,no,no,no,yes,yes,no,no,no,no,no,no
650,bird,sparrow,no,yes,no,no,no,no,no,yes,yes,no,no,no,no,no,no
659,bird,sparrow,no,yes,no,no,no,no,no,yes,no,no,no,no,no,no,no
674,bird,sparrow,no,yes,no,no,no,no,no,yes,yes,no,no,no,no,no,no
682,bird,sparrow,no,yes,no,no,no,no,no,yes,yes,no,no,no,no,no,no
739,bird,sparrow,no,yes,no,no,no,no,no,yes,yes,no,no,no,no,no,no
749,bird,sparrow,no,yes,no,no,no,no,no,yes,yes,no,no,no,no,no,no
760,bird,sparrow,no,yes,no,no,no,no,no,yes,yes,no,no,no,no,no,no
771,bird,sparrow,no,yes,no,no,no,no,no,yes,yes,yes,no,no,no,no,no
774,bird,sparrow,no,yes,no,no,no,no,no,yes,yes,no,no,no,no,no,no
803,bird,sparrow,no,yes,no,no,no,no,no,yes,yes,no,no,no,no,no,no
809,bird,sparrow,no,yes,no,no,no,no,no,yes,yes,no,no,no,no,no,no
819,bird,sparrow,no,yes,no,no,no,no,no,yes,yes,no,no,no,no,no,no
829,bird,sparrow,no,yes,no,no,no,no,no,yes,yes,no,no,no,no,no,no
897,bird,sparrow,no,yes,no,no,no,no,no,yes,yes,no,no,no,no,no,no
916,bird,sparrow,no,yes,no,no,no,no,no,yes,yes,no,no,no,no,no,no
923,bird,sparrow,no,yes,no,no,no,no,no,yes,yes,no,no,no,no,no,no
925,bird,sparrow,no,yes,no,no,no,no,no,yes,yes,no,no,no,no,no,no
965,bird,sparrow,no,yes,no,no,no,no,no,yes,yes,no,no,no,no,no,no
167,maybe something to eat,tomato,no,yes,yes,no,no,yes,yes,no,no,no,yes,no,no,no,no
226,maybe something to eat,tomato,no,yes,yes,no,no,yes,yes,no,no,no,yes,no,no,no,no
349,maybe something to eat,tomato,no,yes,yes,no,no,yes,yes,no,no,no,yes,no,no,no,no
352,maybe something to eat,tomato,no,yes,yes,no,no,yes,yes,no,no,no,yes,no,no,no,no
355,maybe something to eat,tomato,no,yes,yes,no,no,yes,yes,no,no,no,yes,no,no,no,no
385,maybe something to eat,tomato,no,yes,yes,no,no,yes,yes,no,no,no,yes,no,no,no,no
393,maybe something to eat,tomato,no,yes,yes,no,no,yes,yes,no,no,no,yes,no,no,no,no
419,maybe something to eat,tomato,no,yes,yes,no,no,yes,yes,no,no,no,yes,no,no,no,no
422,maybe something to eat,tomato,no,yes,yes,no,no,yes,yes,no,no,no,yes,no,no,no,no
433,maybe something to eat,tomato,no,yes,yes,no,no,yes,yes,no,no,no,yes,no,no,no,no
519,maybe something to eat,tomato,no,yes,yes,no,no,yes,yes,no,no,no,yes,no,no,no,no
580,maybe something to eat,tomato,no,yes,yes,no,no,yes,yes,no,no,no,yes,no,no,no,no
593,maybe something to eat,tomato,no,yes,yes,no,no,yes,yes,no,no,no,yes,no,no,no,no
701,maybe something to eat,tomato,no,yes,yes,no,no,yes,yes,no,no,no,yes,no,no,no,no
707,maybe something to eat,tomato,no,yes,yes,no,no,yes,yes,no,no,no,yes,no,no,no,no
745,maybe something to eat,tomato,no,yes,yes,no,no,yes,yes,no,no,no,yes,no,no,no,no
754,maybe something to eat,tomato,no,yes,yes,no,no,yes,yes,no,no,no,yes,no,no,no,no
769,maybe something to eat,tomato,no,yes,yes,no,no,yes,yes,no,no,no,yes,no,no,no,no
792,maybe something to eat,tomato,no,yes,yes,no,no,yes,yes,no,no,no,yes,no,no,no,no
838,maybe something to eat,tomato,no,yes,yes,no,no,yes,yes,no,no,no,yes,no,no,no,no
842,maybe something to eat,tomato,no,yes,yes,no,no,yes,yes,no,no,no,yes,no,no,no,no
874,maybe something to eat,tomato,no,yes,yes,no,no,yes,yes,no,no,no,yes,no,no,no,no
880,maybe something to eat,tomato,no,yes,yes,no,no,yes,yes,no,no,no,yes,no,no,no,no
892,maybe something to eat,tomato,no,yes,yes,no,no,yes,yes,no,no,no,yes,no,no,no,no
5,plant,tree,no,yes,yes,no,no,no,yes,no,no,no,no,no,no,no,no
12,plant,tree,no,yes,yes,no,no,no,yes,no,no,no,no,no,no,no,no
13,plant,tree,no,yes,yes,no,no,no,yes,no,no,no,no,?,no,no,no
21,plant,tree,no,yes,yes,no,no,no,yes,no,no,no,no,no,no,no,no
27,plant,tree,no,yes,yes,no,no,no,yes,no,no,no,no,no,no,no,no
33,plant,tree,no,yes,yes,no,no,no,yes,no,no,no,no,no,no,no,no
72,plant,tree,no,yes,yes,no,no,no,yes,no,no,no,no,no,no,no,no
84,plant,tree,no,yes,yes,no,no,no,yes,no,no,no,no,no,no,no,no
88,plant,tree,no,yes,yes,no,no,no,yes,no,no,no,no,no,no,no,no
98,plant,tree,no,yes,yes,no,no,no,yes,no,no,no,no,?,no,no,no
108,plant,tree,no,yes,yes,no,no,no,yes,no,no,no,no,no,no,no,no
111,plant,tree,no,yes,yes,no,no,no,yes,no,no,no,no,no,no,no,no
113,plant,tree,no,yes,yes,no,no,no,yes,no,no,no,no,no,no,no,no
115,plant,tree,no,yes,yes,no,no,no,yes,no,no,no,no,no,no,no,no
116,plant,tree,no,yes,yes,no,no,no,yes,no,no,no,no,no,no,no,no
124,plant,tree,no,yes,yes,no,no,no,yes,no,no,no,no,no,no,no,no
132,plant,tree,no,yes,yes,no,no,no,yes,no,no,no,no,no,no,no,no
136,plant,tree,no,yes,yes,no,no,no,yes,no,no,no,no,no,no,no,no
151,plant,tree,no,yes,yes,no,no,no,yes,no,no,no,no,?,no,no,no
159,plant,tree,no,yes,yes,no,no,no,yes,no,no,no,no,no,no,no,no
162,plant,tree,no,yes,yes,no,no,no,yes,no,no,no,no,no,no,no,no
163,plant,tree,no,yes,yes,no,no,no,yes,no,no,no,no,?,no,no,no
171,plant,tree,no,yes,yes,no,no,no,yes,no,no,no,no,no,no,no,no
190,plant,tree,no,yes,yes,no,no,no,yes,no,no,no,no,no,no,no,no
192,plant,tree,no,yes,yes,no,no,no,yes,no,no,no,no,no,no,no,no
214,plant,tree,no,yes,yes,no,no,no,yes,no,no,no,no,?,no,no,no
218,plant,tree,no,yes,yes,no,no,no,yes,no,no,no,no,no,no,no,no
225,plant,tree,no,yes,yes,no,no,no,yes,no,no,no,no,no,no,no,no
233,plant,tree,no,yes,yes,no,no,no,yes,no,no,no,no,?,no,no,no
241,plant,tree,no,yes,yes,no,no,no,yes,no,no,no,no,no,no,no,no
252,plant,tree,no,yes,yes,no,no,no,yes,no,no,no,no,no,no,no,no
259,plant,tree,no,yes,yes,no,no,no,yes,no,no,no,no,no,no,no,no
264,plant,tree,no,yes,yes,no,no,no,yes,no,no,no,no,yes,no,no,no
265,plant,tree,no,yes,yes,no,no,no,yes,no,no,no,no,no,no,no,no
272,plant,tree,no,yes,yes,no,no,no,yes,no,no,no,no,no,no,no,no
282,plant,tree,no,yes,yes,yes,no,no,yes,no,no,no,no,yes,no,no,no
304,plant,tree,no,yes,yes,no,no,no,yes,no,no,no,no,no,no,no,no
305,plant,tree,no,yes,yes,yes,no,no,yes,no,no,no,no,no,no,no,no
307,plant,tree,no,yes,yes,no,no,no,yes,no,no,no,no,yes,no,no,no
316,plant,tree,no,yes,yes,no,no,no,yes,no,no,no,no,no,no,no,no
322,plant,tree,no,yes,yes,no,no,no,yes,no,no,no,no,no,no,no,no
327,plant,tree,no,yes,yes,no,no,no,yes,no,no,no,no,?,no,no,no
333,plant,tree,no,yes,yes,no,no,no,yes,no,no,no,no,no,no,no,no
334,plant,tree,no,yes,yes,no,no,no,yes,no,no,no,no,no,no,no,no
335,plant,tree,no,yes,yes,no,no,no,yes,no,no,no,no,no,no,no,no
346,plant,tree,no,yes,yes,no,no,no,yes,no,no,no,no,no,no,no,no
350,plant,tree,no,yes,yes,no,no,no,yes,no,no,no,no,no,no,no,no
362,plant,tree,no,yes,yes,no,no,no,yes,no,no,no,no,no,no,no,no
371,plant,tree,no,yes,yes,no,no,no,yes,no,no,no,no,no,no,no,no
373,plant,tree,no,yes,yes,no,no,no,yes,no,no,no,no,no,no,no,no
391,plant,tree,no,yes,yes,no,no,no,yes,no,no,no,no,no,no,no,no
400,plant,tree,no,yes,yes,no,no,no,yes,no,no,no,no,no,no,no,no
408,plant,tree,no,yes,yes,no,no,no,yes,no,no,no,no,no,no,no,no
415,plant,tree,no,yes,yes,no,no,no,yes,no,no,no,no,no,no,no,no
423,plant,tree,no,yes,yes,no,no,no,yes,no,no,no,no,no,no,no,no
431,plant,tree,no,yes,yes,no,no,no,yes,no,no,no,no,?,no,no,no
437,plant,tree,no,yes,yes,no,no,no,yes,no,no,no,no,no,no,no,no
443,plant,tree,no,yes,yes,yes,no,no,yes,no,no,no,no,no,no,no,no
464,plant,tree,no,yes,yes,no,no,no,yes,no,no,no,no,no,no,no,no
472,plant,tree,no,yes,yes,yes,no,no,yes,no,no,no,no,?,no,no,no
477,plant,tree,no,yes,yes,no,no,no,yes,no,no,no,no,no,no,no,no
481,plant,tree,no,yes,yes,no,no,no,yes,no,no,no,no,no,no,no,no
487,plant,tree,no,yes,yes,no,no,no,yes,no,no,no,no,no,no,no,no
516,plant,tree,no,yes,yes,no,no,no,yes,no,no,no,no,no,no,no,no
517,plant,tree,no,yes,yes,no,no,no,yes,no,no,no,no,no,no,no,no
526,plant,tree,no,yes,yes,no,no,no,yes,no,no,no,no,no,no,no,no
534,plant,tree,no,yes,yes,no,no,no,yes,no,no,no,no,no,no,no,no
542,plant,tree,no,yes,yes,no,no,no,yes,no,no,no,no,no,no,no,no
550,plant,tree,no,yes,yes,no,no,no,yes,no,no,no,no,no,no,no,no
558,plant,tree,no,yes,yes,no,no,no,yes,no,no,no,no,no,no,no,no
562,plant,tree,no,yes,yes,no,no,no,yes,no,no,no,no,no,no,no,no
565,plant,tree,no,yes,yes,no,no,no,yes,no,no,no,no,no,no,no,no
569,plant,tree,no,yes,yes,no,no,no,yes,no,no,no,no,no,no,no,no
577,plant,tree,no,yes,yes,no,no,no,yes,no,no,no,no,no,no,no,no
584,plant,tree,no,yes,yes,no,no,no,yes,no,no,no,no,no,no,no,no
589,plant,tree,no,yes,yes,no,no,no,yes,no,no,no,no,no,no,no,no
596,plant,tree,no,yes,yes,no,no,no,yes,no,no,no,no,?,no,no,no
597,plant,tree,no,yes,yes,no,no,no,yes,no,no,no,no,no,no,no,no
602,plant,tree,no,yes,yes,no,no,no,yes,no,no,no,no,no,no,no,no
603,plant,tree,no,yes,yes,no,no,no,yes,no,no,no,no,no,no,no,no
619,plant,tree,no,yes,yes,no,no,no,yes,no,no,no,no,no,no,no,no
625,plant,tree,no,yes,yes,no,no,no,yes,no,no,no,no,no,no,no,no
627,plant,tree,no,yes,yes,yes,no,no,yes,no,no,no,no,no,no,no,no
634,plant,tree,no,yes,yes,no,no,no,yes,no,no,no,no,no,no,no,no
639,plant,tree,no,yes,yes,yes,no,no,yes,no,no,no,no,?,no,no,no
660,plant,tree,no,yes,yes,no,no,no,yes,no,no,no,no,no,no,no,no
665,plant,tree,no,yes,yes,no,no,no,yes,no,no,no,no,?,no,no,no
671,plant,tree,no,yes,yes,no,no,no,yes,no,no,no,no,no,no,no,no
680,plant,tree,no,yes,yes,no,no,no,yes,no,no,no,no,no,no,no,no
714,plant,tree,no,yes,yes,no,no,no,yes,no,no,no,no,no,no,no,no
716,plant,tree,no,yes,yes,no,no,no,yes,no,no,no,no,no,no,no,no
725,plant,tree,no,yes,yes,no,no,no,yes,no,no,no,no,no,no,no,no
752,plant,tree,no,yes,yes,no,no,no,yes,no,no,no,no,?,no,no,no
767,plant,tree,no,yes,yes,no,no,no,yes,no,no,no,no,no,no,no,no
772,plant,tree,no,yes,yes,no,no,no,yes,no,no,no,no,no,no,no,no
776,plant,tree,no,yes,yes,no,no,no,yes,no,no,no,no,?,no,no,no
798,plant,tree,no,yes,yes,no,no,no,yes,no,no,no,no,no,no,no,no
812,plant,tree,no,yes,yes,no,no,no,yes,no,no,no,no,no,no,no,no
823,plant,tree,no,yes,yes,no,no,no,yes,no,no,no,no,no,no,no,no
858,plant,tree,no,yes,yes,no,no,no,yes,no,no,no,no,no,no,no,no
863,plant,tree,no,yes,yes,no,no,no,yes,no,no,no,no,?,no,no,no
869,plant,tree,no,yes,yes,no,no,no,yes,no,no,no,no,no,no,no,no
873,plant,tree,no,yes,yes,no,no,no,yes,no,no,no,no,no,no,no,no
878,plant,tree,no,yes,yes,no,no,no,yes,no,no,no,no,yes,no,no,no
879,plant,tree,no,yes,yes,no,no,no,yes,no,no,no,no,no,no,no,no
884,plant,tree,no,yes,yes,no,no,no,yes,no,no,no,no,?,no,no,no
888,plant,tree,no,yes,yes,no,no,no,yes,no,no,no,no,no,no,no,no
896,plant,tree,no,yes,yes,no,no,no,yes,no,no,no,no,?,no,no,no
898,plant,tree,no,yes,yes,no,no,no,yes,no,no,no,no,no,no,no,no
904,plant,tree,no,yes,yes,no,no,no,yes,no,no,no,no,yes,no,no,no
905,plant,tree,no,yes,yes,no,no,no,yes,no,no,no,no,no,no,no,no
920,plant,tree,no,yes,yes,no,no,no,yes,no,no,no,no,no,no,no,no
931,plant,tree,no,yes,yes,no,no,no,yes,no,no,no,no,no,no,no,no
933,plant,tree,no,yes,yes,no,no,no,yes,no,no,no,no,no,no,no,no
936,plant,tree,no,yes,yes,no,no,no,yes,no,no,no,no,no,no,no,no
938,plant,tree,no,yes,yes,no,no,no,yes,no,no,no,no,no,no,no,no
943,plant,tree,no,yes,yes,no,no,no,yes,no,no,no,no,no,no,no,no
957,plant,tree,no,yes,yes,no,no,no,yes,no,no,no,no,no,no,no,no
958,plant,tree,no,yes,yes,no,no,no,yes,no,no,no,no,no,no,no,no
970,plant,tree,no,yes,yes,no,no,no,yes,no,no,no,no,no,no,no,no
978,plant,tree,no,yes,yes,no,no,no,yes,no,no,no,no,?,no,no,no
980,plant,tree,no,yes,yes,no,no,no,yes,no,no,no,no,no,no,no,no
982,plant,tree,no,yes,yes,no,no,no,yes,no,no,no,no,?,no,no,no
989,plant,tree,no,yes,yes,yes,no,no,yes,no,no,no,no,no,no,no,no